filename,label,X,Y,predict
f6_020_068.tif,0,209186.7906,6082580.119,0.040971071
f6_077_036.tif,0.144,208872.6546,6082020.564,0.567913413
f6_067_036.tif,0.437,208872.6546,6082118.732,0.243965179
f6_030_054.tif,0.288,209049.3561,6082481.952,0.291680485
f6_036_039.tif,0.413,208902.1049,6082423.051,0.161206305
f6_098_045.tif,0,208961.0054,6081814.413,0.05769822
f6_047_059.tif,0.009,209098.4398,6082315.067,0.023233801
f6_076_027.tif,0.399,208784.3039,6082030.381,0.369833767
f6_092_032.tif,0,208833.3877,6081873.313,0.050520062
f6_076_033.tif,0.27,208843.2044,6082030.381,0.450496733
f6_046_060.tif,0.059,209108.2566,6082324.884,0.113360524
f6_024_048.tif,0.137,208990.4556,6082540.852,0.05349493
f6_012_062.tif,0,209127.8901,6082658.653,0.163124502
f6_058_023.tif,0.102,208745.0369,6082207.083,0.156210154
f6_045_028.tif,0.091,208794.1207,6082334.7,0.644275486
f6_014_033.tif,0.267,208843.2044,6082639.02,0.434848368
f6_022_031.tif,0.386,208823.5709,6082560.486,0.222183853
f6_081_052.tif,0,209029.7226,6081981.297,0.222346187
f6_091_046.tif,0,208970.8221,6081883.13,0.053319424
f6_065_053.tif,0,209039.5394,6082138.365,0.244006127
f6_035_059.tif,0,209098.4398,6082432.868,0.058897108
f6_049_032.tif,0.334,208833.3877,6082295.433,0.660767674
f6_052_040.tif,0.685,208911.9216,6082265.983,0.345897973
f6_015_036.tif,0.635,208872.6546,6082629.203,0.757847309
f6_069_049.tif,0.542,209000.2724,6082099.098,0.50082922
f6_074_042.tif,0.188,208931.5551,6082050.015,0.35110572
f6_023_035.tif,0.353,208862.8379,6082550.669,0.539010763
f6_018_028.tif,0.295,208794.1207,6082599.753,0.335496724
f6_064_057.tif,0,209078.8064,6082148.182,0.219063342
f6_075_052.tif,0.04,209029.7226,6082040.198,0.099819243
f6_022_030.tif,0.814,208813.7542,6082560.486,0.716134667
f6_091_047.tif,0,208980.6389,6081883.13,0.147591561
f6_039_056.tif,0,209068.9896,6082393.601,0.122716576
f6_073_017.tif,0,208686.1364,6082059.831,0.118590087
f6_087_016.tif,0.14,208676.3197,6081922.397,0.122392625
f6_034_061.tif,0,209118.0733,6082442.685,0.121040672
f6_076_026.tif,0.263,208774.4872,6082030.381,0.245159298
f6_092_033.tif,0,208843.2044,6081873.313,0.039482445
f6_098_044.tif,0,208951.1886,6081814.413,0.041286528
f6_088_050.tif,0.219,209010.0891,6081912.58,0.263095975
f6_020_041.tif,0.355,208921.7384,6082580.119,0.302899182
f6_093_022.tif,0,208735.2202,6081863.496,0.043494105
f6_020_055.tif,0,209059.1729,6082580.119,0.054311007
f6_016_069.tif,0.003,209196.6073,6082619.386,0.020752549
f6_093_020.tif,0.205,208715.5867,6081863.496,0.157640934
f6_040_026.tif,0.208,208774.4872,6082383.784,0.034504622
f6_007_050.tif,0.438,209010.0891,6082707.737,0.21573469
f6_050_026.tif,0.699,208774.4872,6082285.617,0.773124933
f6_076_018.tif,0.692,208695.9532,6082030.381,0.751574814
f6_082_031.tif,0.328,208823.5709,6081971.481,0.594507575
f6_066_030.tif,0.567,208813.7542,6082128.549,0.471844524
f6_070_049.tif,0.145,209000.2724,6082089.282,0.166218966
f6_063_029.tif,0.417,208803.9374,6082157.999,0.505655169
f6_012_049.tif,0.404,209000.2724,6082658.653,0.273407221
f6_075_044.tif,0.235,208951.1886,6082040.198,0.469145209
f6_059_031.tif,0.389,208823.5709,6082197.266,0.780282378
f6_049_025.tif,0.757,208764.6704,6082295.433,0.765730321
f6_062_038.tif,0.012,208892.2881,6082167.816,0.088897467
f6_059_025.tif,0.549,208764.6704,6082197.266,0.781422615
f6_038_045.tif,0.652,208961.0054,6082403.418,0.722590983
f6_074_041.tif,0.867,208921.7384,6082050.015,0.641188741
f6_033_036.tif,0.28,208872.6546,6082452.501,0.58522445
f6_064_040.tif,0,208911.9216,6082148.182,0.034054905
f6_013_065.tif,0,209157.3403,6082648.836,0.049413949
f6_059_024.tif,0.163,208754.8537,6082197.266,0.428335577
f6_059_030.tif,0.87,208813.7542,6082197.266,0.729580522
f6_091_044.tif,0,208951.1886,6081883.13,0.048046023
f6_022_033.tif,0.527,208843.2044,6082560.486,0.484429598
f6_075_045.tif,0.743,208961.0054,6082040.198,0.657920301
f6_081_044.tif,0,208951.1886,6081981.297,0.020478368
f6_043_053.tif,0.005,209039.5394,6082354.334,0.077951849
f6_039_055.tif,0,209059.1729,6082393.601,0.134705663
f6_012_060.tif,0,209108.2566,6082658.653,0.180503994
f6_076_025.tif,0.154,208764.6704,6082030.381,0.143883437
f6_031_047.tif,0.12,208980.6389,6082472.135,0.117097765
f6_017_051.tif,0.435,209019.9059,6082609.569,0.306411803
f6_092_018.tif,0.093,208695.9532,6081873.313,0.159338742
f6_020_056.tif,0,209068.9896,6082580.119,0.046951711
f6_030_042.tif,0.441,208931.5551,6082481.952,0.644404113
f6_030_056.tif,0.743,209068.9896,6082481.952,0.70141834
f6_051_036.tif,0.336,208872.6546,6082275.8,0.069972783
f6_020_046.tif,0.227,208970.8221,6082580.119,0.361822665
f6_093_031.tif,0.026,208823.5709,6081863.496,0.339999467
f6_030_046.tif,0.001,208970.8221,6082481.952,0.101371676
f6_083_031.tif,0.543,208823.5709,6081961.664,0.743965983
f6_098_043.tif,0,208941.3719,6081814.413,0.383933723
f6_092_020.tif,0.078,208715.5867,6081873.313,0.041045964
f6_007_055.tif,0,209059.1729,6082707.737,0.02725178
f6_012_058.tif,0,209088.6231,6082658.653,0.357652843
f6_029_045.tif,0.396,208961.0054,6082491.768,0.426846266
f6_097_039.tif,0,208902.1049,6081824.229,0.090355992
f6_087_039.tif,0.007,208902.1049,6081922.397,0.047777832
f6_014_035.tif,0.25,208862.8379,6082639.02,0.331915975
f6_035_063.tif,0.308,209137.7068,6082432.868,0.185721904
f6_013_061.tif,0.096,209118.0733,6082648.836,0.19080478
f6_064_044.tif,0.279,208951.1886,6082148.182,0.261968136
f6_059_035.tif,0.486,208862.8379,6082197.266,0.741377592
f6_043_042.tif,0.483,208931.5551,6082354.334,0.214377493
f6_014_034.tif,0.375,208853.0212,6082639.02,0.763483226
f6_075_054.tif,0.009,209049.3561,6082040.198,0.127539784
f6_058_030.tif,0.286,208813.7542,6082207.083,0.423571646
f6_048_030.tif,0.829,208813.7542,6082305.25,0.777405381
f6_060_059.tif,0,209098.4398,6082187.449,0.04830417
f6_089_047.tif,0,208980.6389,6081902.763,0.042352527
f6_011_039.tif,0.697,208902.1049,6082668.47,0.680943429
f6_007_054.tif,0,209049.3561,6082707.737,0.165461272
f6_021_042.tif,0.802,208931.5551,6082570.302,0.750226319
f6_095_049.tif,0,209000.2724,6081843.863,0.046878755
f6_085_049.tif,0,209000.2724,6081942.03,0.037699103
f6_098_042.tif,0,208931.5551,6081814.413,0.265811712
f6_041_027.tif,0.279,208784.3039,6082373.967,0.128294259
f6_041_033.tif,0.885,208843.2044,6082373.967,0.757240355
f6_020_047.tif,0,208980.6389,6082580.119,0.096035331
f6_030_045.tif,0,208961.0054,6082481.952,0.074766666
f6_057_048.tif,0.196,208990.4556,6082216.899,0.400171459
f6_036_028.tif,0.51,208794.1207,6082423.051,0.315320849
f6_066_036.tif,0,208872.6546,6082128.549,0.104288578
f6_076_036.tif,0,208872.6546,6082030.381,0.108947217
f6_031_040.tif,0.676,208911.9216,6082472.135,0.78157258
f6_007_042.tif,0.003,208931.5551,6082707.737,0.112448603
f6_017_056.tif,0.417,209068.9896,6082609.569,0.202739388
f6_017_042.tif,0.086,208931.5551,6082609.569,0.050467104
f6_039_046.tif,0.766,208970.8221,6082393.601,0.743348897
f6_065_042.tif,0,208931.5551,6082138.365,0.182591945
f6_053_054.tif,0,209049.3561,6082256.166,0.085215986
f6_068_049.tif,0.091,209000.2724,6082108.915,0.189627498
f6_078_049.tif,0,209000.2724,6082010.748,0.067215472
f6_044_028.tif,0.283,208794.1207,6082344.517,0.264752209
f6_028_057.tif,0.152,209078.8064,6082501.585,0.095324129
f6_025_048.tif,0.439,208990.4556,6082531.035,0.109149933
f6_059_023.tif,0.08,208745.0369,6082197.266,0.251063049
f6_064_053.tif,0,209039.5394,6082148.182,0.025599182
f6_052_044.tif,0.306,208951.1886,6082265.983,0.627440035
f6_090_047.tif,0,208980.6389,6081892.947,0.050400376
f6_023_030.tif,0.143,208813.7542,6082550.669,0.110733569
f6_033_030.tif,0.3,208813.7542,6082452.501,0.165085316
f6_059_036.tif,0.836,208872.6546,6082197.266,0.624343395
f6_049_036.tif,0.185,208872.6546,6082295.433,0.319987237
f6_044_029.tif,0.159,208803.9374,6082344.517,0.373413086
f6_038_042.tif,0.231,208931.5551,6082403.418,0.466826499
f6_028_056.tif,0.419,209068.9896,6082501.585,0.58191514
f6_100_048.tif,0,208990.4556,6081794.779,0.168975294
f6_053_055.tif,0.14,209059.1729,6082256.166,0.102051437
f6_065_057.tif,0,209078.8064,6082138.365,0.518188715
f6_032_035.tif,0.217,208862.8379,6082462.318,0.50099057
f6_058_033.tif,0.079,208843.2044,6082207.083,0.104623765
f6_048_027.tif,0.618,208784.3039,6082305.25,0.724976182
f6_024_064.tif,0.213,209147.5236,6082540.852,0.040143371
f6_089_050.tif,0.663,209010.0891,6081902.763,0.598452926
f6_046_058.tif,0.118,209088.6231,6082324.884,0.070083737
f6_082_036.tif,0.189,208872.6546,6081971.481,0.42871362
f6_066_023.tif,0.278,208745.0369,6082128.549,0.250350028
f6_031_055.tif,0.086,209059.1729,6082472.135,0.072078556
f6_021_041.tif,0.667,208921.7384,6082570.302,0.717647016
f6_026_029.tif,0.48,208803.9374,6082521.219,0.541158617
f6_036_029.tif,0.094,208803.9374,6082423.051,0.088612258
f6_016_046.tif,0.474,208970.8221,6082619.386,0.563972473
f6_006_035.tif,0.005,208862.8379,6082717.554,0.396612585
f6_041_057.tif,0,209078.8064,6082373.967,0.046941161
f6_093_040.tif,0,208911.9216,6081863.496,0.058183461
f6_067_055.tif,0.858,209059.1729,6082118.732,0.494370401
f6_095_039.tif,0,208902.1049,6081843.863,0.06083563
f6_017_030.tif,0.473,208813.7542,6082609.569,0.36444962
f6_011_061.tif,0,209118.0733,6082668.47,0.136658579
f6_058_054.tif,0,209049.3561,6082207.083,0.100828528
f6_063_049.tif,0.442,209000.2724,6082157.999,0.425185919
f6_087_048.tif,0,208990.4556,6081922.397,0.056474984
f6_014_044.tif,0.756,208951.1886,6082639.02,0.813279033
f6_032_046.tif,0.096,208970.8221,6082462.318,0.204038471
f6_091_025.tif,0.316,208764.6704,6081883.13,0.219121307
f6_062_058.tif,0,209088.6231,6082167.816,0.29505381
f6_038_031.tif,0.827,208823.5709,6082403.418,0.754198134
f6_013_038.tif,0.321,208892.2881,6082648.836,0.529105544
f6_028_031.tif,0.759,208823.5709,6082501.585,0.686505377
f6_015_055.tif,0.183,209059.1729,6082629.203,0.0875341
f6_018_062.tif,0,209127.8901,6082599.753,0.12933284
f6_015_041.tif,0,208921.7384,6082629.203,0.060348123
f6_074_021.tif,0.739,208725.4034,6082050.015,0.774014592
f6_015_069.tif,0.391,209196.6073,6082629.203,0.326418579
f6_064_035.tif,0,208862.8379,6082148.182,0.083705276
f6_080_034.tif,0.237,208853.0212,6081991.114,0.291157156
f6_090_021.tif,0,208725.4034,6081892.947,0.023402244
f6_074_020.tif,0.843,208715.5867,6082050.015,0.752949476
f6_018_063.tif,0.319,209137.7068,6082599.753,0.272067159
f6_075_019.tif,0.691,208705.7699,6082040.198,0.783569694
f6_081_018.tif,0.585,208695.9532,6081981.297,0.678178608
f6_053_027.tif,0.139,208784.3039,6082256.166,0.048157841
f6_053_033.tif,0.63,208843.2044,6082256.166,0.562453866
f6_021_027.tif,0.632,208784.3039,6082570.302,0.648955703
f6_050_047.tif,0.155,208980.6389,6082285.617,0.267617285
f6_010_059.tif,0.496,209098.4398,6082678.287,0.30765456
f6_085_038.tif,0.507,208892.2881,6081942.03,0.719584107
f6_016_034.tif,0.809,208853.0212,6082619.386,0.299644113
f6_051_056.tif,0.17,209068.9896,6082275.8,0.185470909
f6_041_054.tif,0.191,209049.3561,6082373.967,0.057970047
f6_077_042.tif,0.69,208931.5551,6082020.564,0.666119099
f6_083_043.tif,0,208941.3719,6081961.664,0.027187556
f6_026_065.tif,0.754,209157.3403,6082521.219,0.454796731
f6_048_057.tif,0.112,209078.8064,6082305.25,0.16861558
f6_058_057.tif,0.065,209078.8064,6082207.083,0.33090359
f6_055_048.tif,0,208990.4556,6082236.533,0.132033616
f6_029_037.tif,0.936,208882.4714,6082491.768,0.748361707
f6_053_025.tif,0.831,208764.6704,6082256.166,0.663595855
f6_032_051.tif,0,209019.9059,6082462.318,0.326719612
f6_065_033.tif,0.46,208843.2044,6082138.365,0.241653979
f6_019_058.tif,0,209088.6231,6082589.936,0.083098412
f6_022_045.tif,0,208961.0054,6082560.486,0.076925904
f6_065_027.tif,0.633,208784.3039,6082138.365,0.699098408
f6_049_046.tif,0.075,208970.8221,6082295.433,0.085294366
f6_059_052.tif,0,209029.7226,6082197.266,0.041353196
f6_049_052.tif,0.087,209029.7226,6082295.433,0.181206703
f6_028_032.tif,0.613,208833.3877,6082501.585,0.650740981
f6_023_068.tif,0,209186.7906,6082550.669,0.41951263
f6_052_034.tif,0.839,208853.0212,6082265.983,0.763807297
f6_015_056.tif,0.451,209068.9896,6082629.203,0.241690725
f6_042_034.tif,0.938,208853.0212,6082364.151,0.682058096
f6_064_022.tif,0.395,208735.2202,6082148.182,0.332607448
f6_064_037.tif,0,208882.4714,6082148.182,0.100474596
f6_023_041.tif,0.121,208921.7384,6082550.669,0.040460587
f6_018_060.tif,0,209108.2566,6082599.753,0.11982432
f6_069_028.tif,0.067,208794.1207,6082099.098,0.04067263
f6_044_058.tif,0.075,209088.6231,6082344.517,0.099024177
f6_038_033.tif,0,208843.2044,6082403.418,0.04322499
f6_081_033.tif,0.297,208843.2044,6081981.297,0.374132633
f6_022_050.tif,0,209010.0891,6082560.486,0.045394927
f6_014_046.tif,0.193,208970.8221,6082639.02,0.576422691
f6_053_024.tif,0.093,208754.8537,6082256.166,0.031990886
f6_024_029.tif,0.032,208803.9374,6082540.852,0.111233205
f6_048_056.tif,0.208,209068.9896,6082305.25,0.226884276
f6_056_029.tif,0.844,208803.9374,6082226.716,0.765675545
f6_046_029.tif,0.363,208803.9374,6082324.884,0.582435846
f6_037_049.tif,0.003,209000.2724,6082413.234,0.023889899
f6_082_047.tif,0,208980.6389,6081971.481,0.014969349
f6_041_055.tif,0,209059.1729,6082373.967,0.242397487
f6_077_053.tif,0,209039.5394,6082020.564,0.088315934
f6_016_033.tif,0.855,208843.2044,6082619.386,0.789085388
f6_051_051.tif,0,209019.9059,6082275.8,0.043479919
f6_057_028.tif,0.103,208794.1207,6082216.899,0.131225407
f6_026_060.tif,0.3,209108.2566,6082521.219,0.15319249
f6_076_042.tif,0.587,208931.5551,6082030.381,0.703003407
f6_039_032.tif,0.094,208833.3877,6082393.601,0.289691359
f6_045_059.tif,0,209098.4398,6082334.7,0.035965234
f6_034_039.tif,0.809,208902.1049,6082442.685,0.726563334
f6_058_046.tif,0.253,208970.8221,6082207.083,0.571722567
f6_048_046.tif,0.433,208970.8221,6082305.25,0.542057335
f6_075_036.tif,0.166,208872.6546,6082040.198,0.129942298
f6_014_056.tif,0,209068.9896,6082639.02,0.032167673
f6_022_068.tif,0,209186.7906,6082560.486,0.297207147
f6_038_037.tif,0.002,208882.4714,6082403.418,0.069037616
f6_044_060.tif,0.012,209108.2566,6082344.517,0.046647012
f6_025_028.tif,0,208794.1207,6082531.035,0.028166026
f6_008_058.tif,0,209088.6231,6082697.92,0.194518745
f6_023_045.tif,0,208961.0054,6082550.669,0.04696396
f6_064_033.tif,0.031,208843.2044,6082148.182,0.049237639
f6_069_038.tif,0,208892.2881,6082099.098,0.081535131
f6_069_039.tif,0.002,208902.1049,6082099.098,0.148251504
f6_015_052.tif,0.209,209029.7226,6082629.203,0.326347768
f6_052_024.tif,0,208754.8537,6082265.983,0.092734456
f6_018_065.tif,0.206,209157.3403,6082599.753,0.245867342
f6_079_039.tif,0,208902.1049,6082000.931,0.223999411
f6_015_046.tif,0.972,208970.8221,6082629.203,0.544862747
f6_033_050.tif,0,209010.0891,6082452.501,0.070708007
f6_033_044.tif,0,208951.1886,6082452.501,0.050280958
f6_059_056.tif,0,209068.9896,6082197.266,0.232901514
f6_038_036.tif,0.328,208872.6546,6082403.418,0.138476819
f6_014_043.tif,0.222,208941.3719,6082639.02,0.644781351
f6_014_057.tif,0,209078.8064,6082639.02,0.105424315
f6_091_022.tif,0,208735.2202,6081883.13,0.047028303
f6_032_041.tif,0.109,208921.7384,6082462.318,0.1950019
f6_022_041.tif,0.405,208921.7384,6082560.486,0.618616581
f6_065_037.tif,0,208882.4714,6082138.365,0.032926828
f6_032_055.tif,0.013,209059.1729,6082462.318,0.136910945
f6_058_053.tif,0,209039.5394,6082207.083,0.200333565
f6_055_058.tif,0,209088.6231,6082236.533,0.068471253
f6_089_030.tif,0,208813.7542,6081902.763,0.046270669
f6_056_038.tif,0.889,208892.2881,6082226.716,0.507437646
f6_040_041.tif,0.335,208921.7384,6082383.784,0.132122546
f6_007_037.tif,0.372,208882.4714,6082707.737,0.270787448
f6_050_055.tif,0.263,209059.1729,6082285.617,0.456750512
f6_066_043.tif,0.437,208941.3719,6082128.549,0.439983487
f6_085_016.tif,0.344,208676.3197,6081942.03,0.528774023
f6_067_046.tif,0,208970.8221,6082118.732,0.202752262
f6_067_052.tif,0.104,209029.7226,6082118.732,0.458772957
f6_016_030.tif,0.108,208813.7542,6082619.386,0.271765083
f6_041_052.tif,0,209029.7226,6082373.967,0.033671618
f6_095_028.tif,0,208794.1207,6081843.863,0.109233052
f6_071_029.tif,0.497,208803.9374,6082079.465,0.618910253
f6_066_041.tif,0,208921.7384,6082128.549,0.107752979
f6_040_043.tif,0.834,208941.3719,6082383.784,0.753205776
f6_060_038.tif,0.701,208892.2881,6082187.449,0.289129376
f6_075_035.tif,0.24,208862.8379,6082040.198,0.149075925
f6_075_021.tif,0.688,208725.4034,6082040.198,0.347356945
f6_053_037.tif,0.845,208882.4714,6082256.166,0.784294367
f6_053_023.tif,0,208745.0369,6082256.166,0.024038941
f6_072_049.tif,0.808,209000.2724,6082069.648,0.801529169
f6_049_040.tif,0.721,208911.9216,6082295.433,0.74286443
f6_023_046.tif,0.211,208970.8221,6082550.669,0.052892119
f6_090_025.tif,0,208764.6704,6081892.947,0.062388062
f6_042_027.tif,0.075,208784.3039,6082364.151,0.198104173
f6_052_033.tif,0.409,208843.2044,6082265.983,0.69230628
f6_052_027.tif,0.152,208784.3039,6082265.983,0.055203676
f6_015_051.tif,0.649,209019.9059,6082629.203,0.475001544
f6_023_047.tif,0.264,208980.6389,6082550.669,0.12965855
f6_059_041.tif,0.477,208921.7384,6082197.266,0.656990826
f6_049_055.tif,0,209059.1729,6082295.433,0.070157021
f6_065_034.tif,0,208853.0212,6082138.365,0.068785697
f6_078_017.tif,0.278,208686.1364,6082010.748,0.680158794
f6_022_042.tif,0.33,208931.5551,6082560.486,0.66349709
f6_048_044.tif,0.166,208951.1886,6082305.25,0.127227575
f6_060_039.tif,0.704,208902.1049,6082187.449,0.429069728
f6_089_033.tif,0,208843.2044,6081902.763,0.03019172
f6_011_059.tif,0,209098.4398,6082668.47,0.123880386
f6_040_042.tif,0.234,208931.5551,6082383.784,0.285134971
f6_017_034.tif,0.814,208853.0212,6082609.569,0.767189384
f6_076_040.tif,0.567,208911.9216,6082030.381,0.767431259
f6_077_051.tif,0,209019.9059,6082020.564,0.067424625
f6_057_027.tif,0,208784.3039,6082216.899,0.307749242
f6_047_027.tif,0.138,208784.3039,6082315.067,0.110948712
f6_026_053.tif,0.729,209039.5394,6082521.219,0.589013875
f6_061_025.tif,0.107,208764.6704,6082177.632,0.16849193
f6_011_040.tif,0.587,208911.9216,6082668.47,0.616768837
f6_089_016.tif,0.555,208676.3197,6081902.763,0.759509146
f6_029_029.tif,0.725,208803.9374,6082491.768,0.479915053
f6_063_054.tif,0.12,209049.3561,6082157.999,0.503546238
f6_048_049.tif,0.47,209000.2724,6082305.25,0.682925582
f6_065_039.tif,0,208902.1049,6082138.365,0.249942243
f6_019_046.tif,0.41,208970.8221,6082589.936,0.328615725
f6_068_026.tif,0.684,208774.4872,6082108.915,0.780039012
f6_028_038.tif,0.769,208892.2881,6082501.585,0.496149391
f6_054_047.tif,0,208980.6389,6082246.35,0.136197269
f6_025_033.tif,0.439,208843.2044,6082531.035,0.377076209
f6_072_045.tif,0,208961.0054,6082069.648,0.050430298
f6_018_043.tif,0.644,208941.3719,6082599.753,0.721365929
f6_015_060.tif,0,209108.2566,6082629.203,0.079615682
f6_079_037.tif,0,208882.4714,6082000.931,0.155092299
f6_062_050.tif,0.015,209010.0891,6082167.816,0.13616392
f6_059_059.tif,0.335,209098.4398,6082197.266,0.252463579
f6_038_039.tif,0.26,208902.1049,6082403.418,0.039680392
f6_054_046.tif,0,208970.8221,6082246.35,0.454315424
f6_014_070.tif,0.429,209206.4241,6082639.02,0.183916211
f6_091_039.tif,0,208902.1049,6081883.13,0.08706966
f6_009_047.tif,0.06,208980.6389,6082688.103,0.084583998
f6_014_064.tif,0,209147.5236,6082639.02,0.043402523
f6_063_041.tif,0.051,208921.7384,6082157.999,0.189201862
f6_063_055.tif,0.616,209059.1729,6082157.999,0.412335813
f6_012_035.tif,0.539,208862.8379,6082658.653,0.282502472
f6_027_057.tif,0.256,209078.8064,6082511.402,0.250487626
f6_011_055.tif,0,209059.1729,6082668.47,0.18367967
f6_026_052.tif,0.255,209029.7226,6082521.219,0.198782474
f6_093_048.tif,0,208990.4556,6081863.496,0.048866719
f6_077_049.tif,0,209000.2724,6082020.564,0.066700757
f6_030_029.tif,0.726,208803.9374,6082481.952,0.653073728
f6_088_038.tif,0,208892.2881,6081912.58,0.04408896
f6_047_024.tif,0.07,208754.8537,6082315.067,0.224987566
f6_098_038.tif,0,208892.2881,6081814.413,0.237602681
f6_085_033.tif,0.21,208843.2044,6081942.03,0.334187746
f6_061_032.tif,0.782,208833.3877,6082177.632,0.774898529
f6_056_035.tif,0.555,208862.8379,6082226.716,0.749781311
f6_094_036.tif,0,208872.6546,6081853.68,0.024452478
f6_027_055.tif,0.212,209059.1729,6082511.402,0.089208305
f6_034_035.tif,0.196,208862.8379,6082442.685,0.338170379
f6_022_058.tif,0.033,209088.6231,6082560.486,0.1246593
f6_014_066.tif,0.027,209167.1571,6082639.02,0.216417819
f6_019_051.tif,0.831,209019.9059,6082589.936,0.625107586
f6_032_058.tif,0.354,209088.6231,6082462.318,0.21637255
f6_068_031.tif,0.155,208823.5709,6082108.915,0.178988725
f6_078_025.tif,0.372,208764.6704,6082010.748,0.605344832
f6_054_044.tif,0.038,208951.1886,6082246.35,0.249333709
f6_054_050.tif,0.093,209010.0891,6082246.35,0.094752461
f6_008_040.tif,0,208911.9216,6082697.92,0.194136441
f6_033_061.tif,0,209118.0733,6082452.501,0.039043427
f6_052_029.tif,0.072,208803.9374,6082265.983,0.042903602
f6_090_016.tif,0.349,208676.3197,6081892.947,0.483382732
f6_079_035.tif,0.152,208862.8379,6082000.931,0.108354568
f6_023_060.tif,0.349,209108.2566,6082550.669,0.115487069
f6_074_016.tif,0,208676.3197,6082050.015,0.02747494
f6_033_048.tif,0,208990.4556,6082452.501,0.121561587
f6_008_055.tif,0.021,209059.1729,6082697.92,0.156985998
f6_032_059.tif,0.214,209098.4398,6082462.318,0.610177994
f6_055_040.tif,0.536,208911.9216,6082236.533,0.414373159
f6_045_054.tif,0.669,209049.3561,6082334.7,0.740528226
f6_011_056.tif,0.026,209068.9896,6082668.47,0.055353254
f6_021_039.tif,0.3,208902.1049,6082570.302,0.409146905
f6_071_027.tif,0.044,208784.3039,6082079.465,0.066990584
f6_098_039.tif,0,208902.1049,6081814.413,0.29100883
f6_010_047.tif,0.134,208980.6389,6082678.287,0.057747453
f6_030_038.tif,0,208892.2881,6082481.952,0.086582482
f6_061_037.tif,0.29,208882.4714,6082177.632,0.271272331
f6_057_035.tif,0.753,208862.8379,6082216.899,0.752749562
f6_094_033.tif,0,208843.2044,6081853.68,0.365918577
f6_084_033.tif,0.189,208843.2044,6081951.847,0.31067878
f6_027_050.tif,0.772,209010.0891,6082511.402,0.541947246
f6_056_024.tif,0.593,208754.8537,6082226.716,0.69580543
f6_073_046.tif,0.381,208970.8221,6082059.831,0.291204244
f6_063_052.tif,0,209029.7226,6082157.999,0.030066311
f6_034_030.tif,0.208,208813.7542,6082442.685,0.180409431
f6_022_061.tif,0.058,209118.0733,6082560.486,0.058117986
f6_078_034.tif,0.657,208853.0212,6082010.748,0.711829484
f6_019_068.tif,0,209186.7906,6082589.936,0.039409369
f6_075_017.tif,0.427,208686.1364,6082040.198,0.523547232
f6_009_054.tif,0.03,209049.3561,6082688.103,0.132948816
f6_019_054.tif,0,209049.3561,6082589.936,0.027778149
f6_009_040.tif,0,208911.9216,6082688.103,0.19676885
f6_072_043.tif,0.769,208941.3719,6082069.648,0.747278988
f6_086_042.tif,0.018,208931.5551,6081932.214,0.071391284
f6_035_035.tif,0,208862.8379,6082432.868,0.049598932
f6_025_035.tif,0.37,208862.8379,6082531.035,0.296979666
f6_054_041.tif,0.64,208921.7384,6082246.35,0.729886293
f6_023_058.tif,0,209088.6231,6082550.669,0.046236545
f6_008_050.tif,0.063,209010.0891,6082697.92,0.28678292
f6_033_059.tif,0,209098.4398,6082452.501,0.267649412
f6_079_024.tif,0.782,208754.8537,6082000.931,0.805347562
f6_042_039.tif,0.417,208902.1049,6082364.151,0.389937699
f6_013_036.tif,0.368,208872.6546,6082648.836,0.691192269
f6_044_054.tif,0.363,209049.3561,6082344.517,0.565687597
f6_062_042.tif,0.583,208931.5551,6082167.816,0.711742878
f6_062_056.tif,0,209068.9896,6082167.816,0.09736222
f6_068_035.tif,0.001,208862.8379,6082108.915,0.061309963
f6_043_028.tif,0.074,208794.1207,6082354.334,0.401874304
f6_012_033.tif,0.017,208843.2044,6082658.653,0.063462496
f6_063_047.tif,0.206,208980.6389,6082157.999,0.039286822
f6_056_031.tif,0.892,208823.5709,6082226.716,0.663158476
f6_060_033.tif,0.051,208843.2044,6082187.449,0.055246174
f6_050_060.tif,0.741,209108.2566,6082285.617,0.545071185
f6_010_056.tif,0,209068.9896,6082678.287,0.047080606
f6_057_034.tif,0.715,208853.0212,6082216.899,0.768440962
f6_071_022.tif,0.041,208735.2202,6082079.465,0.216639102
f6_071_020.tif,0.385,208715.5867,6082079.465,0.60248363
f6_095_021.tif,0,208725.4034,6081843.863,0.045293868
f6_057_036.tif,0.501,208872.6546,6082216.899,0.687667489
f6_027_053.tif,0.134,209039.5394,6082511.402,0.187033176
f6_046_033.tif,0,208843.2044,6082324.884,0.028344661
f6_063_051.tif,0.172,209019.9059,6082157.999,0.105147004
f6_073_045.tif,0.81,208961.0054,6082059.831,0.702329755
f6_087_050.tif,0,209010.0891,6081922.397,0.137296587
f6_024_033.tif,0.335,208843.2044,6082540.852,0.086745232
f6_045_053.tif,0.044,209039.5394,6082334.7,0.199193805
f6_068_037.tif,0,208882.4714,6082108.915,0.083004683
f6_078_023.tif,0.431,208745.0369,6082010.748,0.101069272
f6_014_060.tif,0.129,209108.2566,6082639.02,0.245913923
f6_009_043.tif,0.159,208941.3719,6082688.103,0.070720643
f6_062_040.tif,0,208911.9216,6082167.816,0.187027782
f6_059_049.tif,0,209000.2724,6082197.266,0.248599768
f6_044_056.tif,0.429,209068.9896,6082344.517,0.695205748
f6_018_046.tif,0.167,208970.8221,6082599.753,0.496634066
f6_074_039.tif,0,208902.1049,6082050.015,0.520024657
f6_008_052.tif,0,209029.7226,6082697.92,0.164351523
f6_008_046.tif,0.03,208970.8221,6082697.92,0.111425489
f6_008_047.tif,0,208980.6389,6082697.92,0.072479635
f6_015_064.tif,0,209147.5236,6082629.203,0.06396395
f6_018_047.tif,0,208980.6389,6082599.753,0.254497468
f6_054_043.tif,0.033,208941.3719,6082246.35,0.263940573
f6_049_060.tif,0.025,209108.2566,6082295.433,0.073132813
f6_044_057.tif,0.096,209078.8064,6082344.517,0.303217024
f6_086_040.tif,0,208911.9216,6081932.214,0.076423079
f6_049_048.tif,0.157,208990.4556,6082295.433,0.102935433
f6_022_063.tif,0,209137.7068,6082560.486,0.034869909
f6_014_049.tif,0.303,209000.2724,6082639.02,0.104368597
f6_032_063.tif,0.839,209137.7068,6082462.318,0.539059043
f6_056_026.tif,0.564,208774.4872,6082226.716,0.663496375
f6_094_031.tif,0,208823.5709,6081853.68,0.053602725
f6_060_024.tif,0.201,208754.8537,6082187.449,0.430154443
f6_094_025.tif,0.037,208764.6704,6081853.68,0.062788576
f6_010_055.tif,0,209059.1729,6082678.287,0.043824077
f6_047_037.tif,0.413,208882.4714,6082315.067,0.532455862
f6_010_069.tif,0.198,209196.6073,6082678.287,0.034345984
f6_071_021.tif,0.157,208725.4034,6082079.465,0.237825513
f6_061_035.tif,0.024,208862.8379,6082177.632,0.168482423
f6_057_044.tif,0.096,208951.1886,6082216.899,0.211718976
f6_057_050.tif,0.002,209010.0891,6082216.899,0.03606829
f6_089_049.tif,0.145,209000.2724,6081902.763,0.465495229
f6_060_043.tif,0.29,208941.3719,6082187.449,0.131570995
f6_055_035.tif,0.771,208862.8379,6082236.533,0.729148924
f6_039_062.tif,0.143,209127.8901,6082393.601,0.268976629
f6_063_023.tif,0.022,208745.0369,6082157.999,0.050799996
f6_043_058.tif,0.132,209088.6231,6082354.334,0.121618092
f6_068_051.tif,0.133,209019.9059,6082108.915,0.406949759
f6_078_051.tif,0.185,209019.9059,6082010.748,0.052264601
f6_013_046.tif,0.259,208970.8221,6082648.836,0.458816558
f6_054_024.tif,0.381,208754.8537,6082246.35,0.09693563
f6_025_050.tif,0.046,209010.0891,6082531.035,0.032243073
f6_072_032.tif,0.161,208833.3877,6082069.648,0.04008022
f6_035_044.tif,0.325,208951.1886,6082432.868,0.399660766
f6_035_050.tif,0.208,209010.0891,6082432.868,0.233985424
f6_033_029.tif,0.239,208803.9374,6082452.501,0.080850273
f6_069_040.tif,0.712,208911.9216,6082099.098,0.578074872
f6_079_041.tif,0.378,208921.7384,6082000.931,0.453427851
f6_052_048.tif,0,208990.4556,6082265.983,0.061191052
f6_069_041.tif,0.541,208921.7384,6082099.098,0.430864751
f6_023_028.tif,0.212,208794.1207,6082550.669,0.154653907
f6_033_028.tif,0.714,208794.1207,6082452.501,0.343185842
f6_052_060.tif,0.298,209108.2566,6082265.983,0.189062119
f6_008_035.tif,0.67,208862.8379,6082697.92,0.729965568
f6_062_033.tif,0.029,208843.2044,6082167.816,0.075758994
f6_096_032.tif,0,208833.3877,6081834.046,0.181757867
f6_022_039.tif,0.003,208902.1049,6082560.486,0.047335505
f6_012_042.tif,0.011,208931.5551,6082658.653,0.033666581
f6_070_042.tif,0.698,208931.5551,6082089.282,0.776467323
f6_060_056.tif,0,209068.9896,6082187.449,0.440738678
f6_027_034.tif,0.409,208853.0212,6082511.402,0.390378118
f6_070_056.tif,0.516,209068.9896,6082089.282,0.426478148
f6_046_054.tif,0.238,209049.3561,6082324.884,0.526016176
f6_046_040.tif,0.478,208911.9216,6082324.884,0.645306289
f6_040_039.tif,0.338,208902.1049,6082383.784,0.115394801
f6_021_059.tif,0,209098.4398,6082570.302,0.188076854
f6_061_047.tif,0.1,208980.6389,6082177.632,0.118982643
f6_026_031.tif,0.485,208823.5709,6082521.219,0.630435228
f6_030_060.tif,0.091,209108.2566,6082481.952,0.11614117
f6_083_017.tif,0.273,208686.1364,6081961.664,0.453774333
f6_016_060.tif,0,209108.2566,6082619.386,0.181552321
f6_016_048.tif,0.266,208990.4556,6082619.386,0.207062781
f6_071_045.tif,0,208961.0054,6082079.465,0.586269617
f6_076_039.tif,0.16,208902.1049,6082030.381,0.221439451
f6_082_038.tif,0,208892.2881,6081971.481,0.056332797
f6_056_056.tif,0,209068.9896,6082226.716,0.058065653
f6_037_036.tif,0.419,208872.6546,6082413.234,0.160283029
f6_094_041.tif,0,208921.7384,6081853.68,0.045186609
f6_012_040.tif,0.521,208911.9216,6082658.653,0.571412861
f6_012_054.tif,0,209049.3561,6082658.653,0.144654304
f6_073_034.tif,0.882,208853.0212,6082059.831,0.73029232
f6_058_029.tif,0.664,208803.9374,6082207.083,0.762939692
f6_039_061.tif,0.001,209118.0733,6082393.601,0.071560472
f6_034_056.tif,0.213,209068.9896,6082442.685,0.358988971
f6_068_052.tif,0.043,209029.7226,6082108.915,0.602937937
f6_044_033.tif,0.806,208843.2044,6082344.517,0.549148798
f6_054_033.tif,0.538,208843.2044,6082246.35,0.766450167
f6_049_038.tif,0.278,208892.2881,6082295.433,0.456549168
f6_096_030.tif,0.166,208813.7542,6081834.046,0.359934658
f6_028_064.tif,0.424,209147.5236,6082501.585,0.499539018
f6_035_047.tif,0.308,208980.6389,6082432.868,0.337529242
f6_062_025.tif,0.19,208764.6704,6082167.816,0.147423238
f6_018_037.tif,0.561,208882.4714,6082599.753,0.643877029
f6_080_049.tif,0,209000.2724,6081991.114,0.058198541
f6_008_037.tif,0.389,208882.4714,6082697.92,0.680870056
f6_069_056.tif,0.295,209068.9896,6082099.098,0.435270756
f6_074_049.tif,0.328,209000.2724,6082050.015,0.434845328
f6_096_025.tif,0,208764.6704,6081834.046,0.136373669
f6_028_065.tif,0.593,209157.3403,6082501.585,0.436965078
f6_028_059.tif,0.03,209098.4398,6082501.585,0.190238297
f6_100_047.tif,0.069,208980.6389,6081794.779,0.251436889
f6_068_053.tif,0.08,209039.5394,6082108.915,0.156946421
f6_012_069.tif,0,209196.6073,6082658.653,0.154170424
f6_082_039.tif,0,208902.1049,6081971.481,0.032090485
f6_061_050.tif,0,209010.0891,6082177.632,0.11545071
f6_036_032.tif,0.306,208833.3877,6082423.051,0.683065176
f6_095_045.tif,0,208961.0054,6081843.863,0.070643097
f6_057_046.tif,0.116,208970.8221,6082216.899,0.381316632
f6_047_052.tif,0.004,209029.7226,6082315.067,0.065883875
f6_057_052.tif,0,209029.7226,6082216.899,0.143654376
f6_030_063.tif,0.663,209137.7068,6082481.952,0.499065042
f6_067_029.tif,0.208,208803.9374,6082118.732,0.081352383
f6_016_059.tif,0,209098.4398,6082619.386,0.143603265
f6_083_038.tif,0,208892.2881,6081961.664,0.036304265
f6_067_039.tif,0,208902.1049,6082118.732,0.341231793
f6_093_038.tif,0,208892.2881,6081863.496,0.052728295
f6_061_040.tif,0.33,208911.9216,6082177.632,0.675512791
f6_085_041.tif,0.211,208921.7384,6081942.03,0.337662995
f6_036_036.tif,0,208872.6546,6082423.051,0.088813812
f6_007_048.tif,0,208990.4556,6082707.737,0.340918452
f6_082_015.tif,0.056,208666.5029,6081971.481,0.080741435
f6_092_029.tif,0,208803.9374,6081873.313,0.10510388
f6_037_033.tif,0.139,208843.2044,6082413.234,0.053104579
f6_084_050.tif,0,209010.0891,6081951.847,0.098350018
f6_056_047.tif,0,208980.6389,6082226.716,0.047970802
f6_056_053.tif,0,209039.5394,6082226.716,0.457131177
f6_034_047.tif,0.181,208980.6389,6082442.685,0.289295852
f6_024_047.tif,0.227,208980.6389,6082540.852,0.198354214
f6_029_058.tif,0.146,209088.6231,6082491.768,0.121419549
f6_014_028.tif,0.439,208794.1207,6082639.02,0.35935232
f6_078_043.tif,0.562,208941.3719,6082010.748,0.618841827
f6_019_037.tif,0.413,208882.4714,6082589.936,0.685117841
f6_025_042.tif,0.615,208931.5551,6082531.035,0.449687034
f6_025_056.tif,0.133,209068.9896,6082531.035,0.071977377
f6_072_034.tif,0.617,208853.0212,6082069.648,0.426327318
f6_013_040.tif,0.767,208911.9216,6082648.836,0.790520787
f6_038_049.tif,0.199,209000.2724,6082403.418,0.073096812
f6_079_052.tif,0.045,209029.7226,6082000.931,0.086462468
f6_079_047.tif,0.046,208980.6389,6082000.931,0.062872827
f6_054_023.tif,0,208745.0369,6082246.35,0.023899674
f6_025_043.tif,0.069,208941.3719,6082531.035,0.271740705
f6_081_048.tif,0.226,208990.4556,6081981.297,0.250028789
f6_065_049.tif,0,209000.2724,6082138.365,0.157301724
f6_009_036.tif,0.296,208872.6546,6082688.103,0.222309887
f6_078_042.tif,0.693,208931.5551,6082010.748,0.635401964
f6_068_042.tif,0.441,208931.5551,6082108.915,0.636030614
f6_012_044.tif,0.45,208951.1886,6082658.653,0.716554999
f6_029_065.tif,0.259,209157.3403,6082491.768,0.084683627
f6_037_032.tif,0.216,208833.3877,6082413.234,0.322606623
f6_066_029.tif,0.09,208803.9374,6082128.549,0.17969352
f6_092_028.tif,0,208794.1207,6081873.313,0.06277445
f6_031_063.tif,0.787,209137.7068,6082472.135,0.664462924
f6_010_035.tif,0.507,208862.8379,6082678.287,0.191617727
f6_077_038.tif,0.348,208892.2881,6082020.564,0.630455792
f6_030_064.tif,0.212,209147.5236,6082481.952,0.134239852
f6_030_058.tif,0.787,209088.6231,6082481.952,0.779926062
f6_036_035.tif,0.436,208862.8379,6082423.051,0.208807677
f6_057_055.tif,0,209059.1729,6082216.899,0.060673028
f6_021_061.tif,0.295,209118.0733,6082570.302,0.64660579
f6_082_016.tif,0.182,208676.3197,6081971.481,0.462516934
f6_031_061.tif,0,209118.0733,6082472.135,0.244666666
f6_021_049.tif,0.256,209000.2724,6082570.302,0.323877245
f6_070_052.tif,0.443,209029.7226,6082089.282,0.225690097
f6_084_047.tif,0,208980.6389,6081951.847,0.074297369
f6_056_050.tif,0,209010.0891,6082226.716,0.196488321
f6_046_050.tif,0.026,209010.0891,6082324.884,0.104908168
f6_055_024.tif,0.462,208754.8537,6082236.533,0.651420951
f6_055_030.tif,0.431,208813.7542,6082236.533,0.205614179
f6_053_049.tif,0.018,209000.2724,6082256.166,0.112428874
f6_022_029.tif,0.473,208803.9374,6082560.486,0.42754519
f6_032_029.tif,0.331,208803.9374,6082462.318,0.181391925
f6_035_041.tif,0.574,208921.7384,6082432.868,0.703945279
f6_025_055.tif,0.327,209059.1729,6082531.035,0.361231804
f6_038_062.tif,0,209127.8901,6082403.418,0.073447704
f6_042_058.tif,0.193,209088.6231,6082364.151,0.142088234
f6_069_051.tif,0.002,209019.9059,6082099.098,0.02833578
f6_018_030.tif,0.628,208813.7542,6082599.753,0.75413692
f6_069_050.tif,0.405,209010.0891,6082099.098,0.5741781
f6_052_059.tif,0.077,209098.4398,6082265.983,0.203407615
f6_013_042.tif,0.226,208931.5551,6082648.836,0.079438418
f6_035_040.tif,0.192,208911.9216,6082432.868,0.287432075
f6_025_054.tif,0.393,209049.3561,6082531.035,0.323420346
f6_043_060.tif,0.048,209108.2566,6082354.334,0.067072153
f6_100_041.tif,0,208921.7384,6081794.779,0.118764311
f6_045_031.tif,0,208823.5709,6082334.7,0.056984574
f6_034_045.tif,0,208961.0054,6082442.685,0.040818483
f6_087_032.tif,0.025,208833.3877,6081922.397,0.045666397
f6_034_051.tif,0.043,209019.9059,6082442.685,0.097744882
f6_094_046.tif,0,208970.8221,6081853.68,0.097427756
f6_076_016.tif,0.454,208676.3197,6082030.381,0.342110336
f6_092_017.tif,0,208686.1364,6081873.313,0.080869406
f6_047_040.tif,0.443,208911.9216,6082315.067,0.195178986
f6_036_034.tif,0.327,208853.0212,6082423.051,0.390088379
f6_016_067.tif,0.616,209176.9738,6082619.386,0.244668156
f8_57_56.tif,0.019,214908.2849,6092886.634,0.057459801
f8_18_33.tif,0.622,214679.5697,6093274.456,0.777160764
f8_50_77.tif,0.064,215117.1119,6092956.243,0.044470668
f8_23_72.tif,0.717,215067.3912,6093224.735,0.661438107
f8_37_13.tif,0,214480.6868,6093085.517,0.169006675
f8_50_88.tif,0.637,215226.4974,6092956.243,0.295969576
f8_30_32.tif,0,214669.6255,6093155.126,0.070911974
f8_53_26.tif,0,214609.9607,6092926.411,0.017230332
f8_40_66.tif,0.184,215007.7263,6093055.684,0.151947528
f8_33_77.tif,0.184,215117.1119,6093125.293,0.027393848
f8_45_42.tif,0,214769.0669,6093005.964,0.046994418
f8_19_73.tif,0.749,215077.3353,6093264.511,0.38322404
f8_36_84.tif,0.079,215186.7209,6093095.461,0.039447069
f8_42_88.tif,0.281,215226.4974,6093035.796,0.0853329
f8_22_32.tif,0,214669.6255,6093234.679,0.026480228
f8_17_89.tif,0.427,215236.4416,6093284.4,0.5575611
f8_28_90.tif,0.057,215246.3857,6093175.014,0.164720207
f8_52_66.tif,0.615,215007.7263,6092936.355,0.652282774
f8_14_33.tif,0.19,214679.5697,6093314.232,0.098242611
f8_46_13.tif,0,214480.6868,6092996.02,0.098517507
f8_21_77.tif,0.626,215117.1119,6093244.623,0.530169189
f8_28_47.tif,0,214818.7876,6093175.014,0.100990623
f8_26_42.tif,0,214769.0669,6093194.902,0.369731069
f8_26_57.tif,0.163,214918.2291,6093194.902,0.36186415
f8_52_73.tif,0.233,215077.3353,6092936.355,0.059921741
f8_36_46.tif,0.575,214808.8435,6093095.461,0.615977168
f8_36_52.tif,0.672,214868.5083,6093095.461,0.683782995
f8_38_43.tif,0,214779.0111,6093075.573,0.274017096
f8_51_22.tif,0,214570.1841,6092946.299,0.072880507
f8_29_12.tif,0.157,214470.7427,6093165.07,0.17122677
f8_12_84.tif,0.263,215186.7209,6093334.12,0.297890306
f8_27_17.tif,0.336,214520.4634,6093184.958,0.574979067
f8_47_85.tif,0.234,215196.665,6092986.075,0.10579434
f8_40_73.tif,0.059,215077.3353,6093055.684,0.30014497
f8_12_53.tif,0.214,214878.4525,6093334.12,0.058839828
f8_15_72.tif,0.797,215067.3912,6093304.288,0.576610208
f8_30_27.tif,0.006,214619.9048,6093155.126,0.037477672
f8_24_46.tif,0.034,214808.8435,6093214.791,0.054223508
f8_30_33.tif,0,214679.5697,6093155.126,0.096059799
f8_39_17.tif,0,214520.4634,6093065.629,0.030126095
f8_23_67.tif,0.377,215017.6705,6093224.735,0.486380577
f8_57_43.tif,0.268,214779.0111,6092886.634,0.289176583
f8_43_22.tif,0.097,214570.1841,6093025.852,0.036591321
f8_57_57.tif,0.808,214918.2291,6092886.634,0.559085608
f8_50_48.tif,0.012,214828.7318,6092956.243,0.099219799
f8_16_21.tif,0.032,214560.24,6093294.344,0.195933759
f8_50_60.tif,0.336,214948.0615,6092956.243,0.368462443
f8_53_31.tif,0.649,214659.6814,6092926.411,0.237965822
f8_40_65.tif,0.716,214997.7822,6093055.684,0.757797956
f8_54_10.tif,0,214450.8544,6092916.467,0.043049693
f8_40_71.tif,0.576,215057.447,6093055.684,0.676788092
f8_33_60.tif,0,214948.0615,6093125.293,0.045232177
f8_33_48.tif,0.763,214828.7318,6093125.293,0.505557358
f8_42_48.tif,0,214828.7318,6093035.796,0.292306542
f8_45_69.tif,0.307,215037.5587,6093005.964,0.505103171
f8_58_38.tif,0.382,214729.2904,6092876.69,0.257467568
f8_19_70.tif,0.242,215047.5029,6093264.511,0.350669444
f8_36_78.tif,0,215127.056,6093095.461,0.017899007
f8_22_31.tif,0,214659.6814,6093234.679,0.166548491
f8_38_69.tif,0.33,215037.5587,6093075.573,0.659802079
f8_25_38.tif,0.325,214729.2904,6093204.847,0.190606534
f8_48_15.tif,0,214500.5751,6092976.131,0.020068198
f8_55_50.tif,0,214848.6201,6092906.522,0.10613656
f8_52_65.tif,0.642,214997.7822,6092936.355,0.524971664
f8_28_78.tif,0.015,215127.056,6093175.014,0.065515518
f8_26_41.tif,0,214759.1228,6093194.902,0.088615835
f8_21_49.tif,0.257,214838.6759,6093244.623,0.266364396
f8_32_21.tif,0.238,214560.24,6093135.238,0.1324009
f8_21_75.tif,0.36,215097.2236,6093244.623,0.262641519
f8_28_45.tif,0,214798.8994,6093175.014,0.079891264
f8_26_68.tif,0.131,215027.6146,6093194.902,0.024771869
f8_14_31.tif,0.543,214659.6814,6093314.232,0.638425231
f8_52_64.tif,0.663,214987.838,6092936.355,0.569099545
f8_48_28.tif,0,214629.849,6092976.131,0.035028487
f8_38_68.tif,0.51,215027.6146,6093075.573,0.155028164
f8_25_39.tif,0.648,214739.2345,6093204.847,0.356768131
f8_45_83.tif,0,215176.7767,6093005.964,0.019962728
f8_19_71.tif,0.765,215057.447,6093264.511,0.663360357
f8_45_68.tif,0.506,215027.6146,6093005.964,0.561840773
f8_17_48.tif,0.114,214828.7318,6093284.4,0.319508344
f8_56_14.tif,0,214490.631,6092896.578,0.127961248
f8_17_60.tif,0,214948.0615,6093284.4,0.032775491
f8_38_83.tif,0.015,215176.7767,6093075.573,0.027181774
f8_51_21.tif,0,214560.24,6092946.299,0.033357352
f8_12_87.tif,0,215216.5533,6093334.12,0.038561821
f8_49_83.tif,0,215176.7767,6092966.187,0.024491191
f8_27_14.tif,0,214490.631,6093184.958,0.028752327
f8_33_61.tif,0,214958.0056,6093125.293,0.355171919
f8_12_44.tif,0.186,214788.9552,6093334.12,0.181322634
f8_49_68.tif,0.805,215027.6146,6092966.187,0.640004158
f8_15_65.tif,0.036,214997.7822,6093304.288,0.031351388
f8_37_39.tif,0.137,214739.2345,6093085.517,0.103633404
f8_24_45.tif,0.026,214798.8994,6093214.791,0.036650419
f8_57_83.tif,0.49,215176.7767,6092886.634,0.480658114
f8_50_61.tif,0.194,214958.0056,6092956.243,0.589396358
f8_50_75.tif,0.309,215097.2236,6092956.243,0.231953591
f8_18_31.tif,0.574,214659.6814,6093274.456,0.590715289
f8_50_49.tif,0.066,214838.6759,6092956.243,0.108184665
f8_44_38.tif,0.204,214729.2904,6093015.908,0.193739951
f8_57_44.tif,0.159,214788.9552,6092886.634,0.220341444
f8_30_20.tif,0.149,214550.2958,6093155.126,0.032891661
f8_37_15.tif,0.112,214500.5751,6093085.517,0.028170526
f8_57_93.tif,0.1,215276.2181,6092886.634,0.126072437
f8_49_44.tif,0.686,214788.9552,6092966.187,0.741666198
f8_40_60.tif,0.058,214948.0615,6093055.684,0.067313403
f8_12_40.tif,0.011,214749.1786,6093334.12,0.040446311
f8_49_78.tif,0,215127.056,6092966.187,0.026206374
f8_34_78.tif,0,215127.056,6093115.349,0.024050444
f8_33_65.tif,0.658,214997.7822,6093125.293,0.813134432
f8_47_82.tif,0.271,215166.8326,6092986.075,0.078937829
f8_51_19.tif,0,214540.3517,6092946.299,0.135549784
f8_19_75.tif,0.805,215097.2236,6093264.511,0.713352323
f8_17_58.tif,0,214928.1732,6093284.4,0.029561162
f8_42_71.tif,0.813,215057.447,6093035.796,0.684893489
f8_38_93.tif,0.313,215276.2181,6093075.573,0.225709885
f8_19_49.tif,0.181,214838.6759,6093264.511,0.336780012
f8_56_38.tif,0.017,214729.2904,6092896.578,0.028856546
f8_22_34.tif,0.806,214689.5138,6093234.679,0.66713953
f8_38_50.tif,0.137,214848.6201,6093075.573,0.032403797
f8_25_15.tif,0.079,214500.5751,6093204.847,0.033617079
f8_35_38.tif,0.405,214729.2904,6093105.405,0.610784292
f8_28_69.tif,0.601,215037.5587,6093175.014,0.556354344
f8_55_82.tif,0.679,215166.8326,6092906.522,0.497049898
f8_21_65.tif,0.71,214997.7822,6093244.623,0.530475855
f8_21_71.tif,0.686,215057.447,6093244.623,0.517604768
f8_21_70.tif,0.372,215047.5029,6093244.623,0.191022187
f8_26_79.tif,0.05,215137.0002,6093194.902,0.046425432
f8_28_40.tif,0.101,214749.1786,6093175.014,0.059028268
f8_35_39.tif,0.315,214739.2345,6093105.405,0.698641121
f8_28_68.tif,0.565,215027.6146,6093175.014,0.736214519
f8_26_45.tif,0,214798.8994,6093194.902,0.043512255
f8_26_51.tif,0,214858.5642,6093194.902,0.076321989
f8_28_83.tif,0.451,215176.7767,6093175.014,0.464488745
f8_41_35.tif,0.559,214699.4579,6093045.74,0.75795579
f8_26_92.tif,0.149,215266.274,6093194.902,0.547459483
f8_52_75.tif,0,215097.2236,6092936.355,0.024953038
f8_36_68.tif,0.558,215027.6146,6093095.461,0.521928072
f8_45_86.tif,0,215206.6091,6093005.964,0.012275159
f8_25_14.tif,0,214490.631,6093204.847,0.018867463
f8_38_51.tif,0.105,214858.5642,6093075.573,0.05000031
f8_36_54.tif,0,214888.3966,6093095.461,0.036694109
f8_36_40.tif,0.431,214749.1786,6093095.461,0.706320703
f8_56_11.tif,0.112,214460.7985,6092896.578,0.096292436
f8_20_18.tif,0,214530.4075,6093254.567,0.026318461
f8_34_51.tif,0.276,214858.5642,6093115.349,0.224262595
f8_12_82.tif,0,215166.8326,6093334.12,0.069081753
f8_53_21.tif,0,214560.24,6092926.411,0.075834513
f8_54_28.tif,0.19,214629.849,6092916.467,0.037421227
f8_54_14.tif,0,214490.631,6092916.467,0.354524344
f8_40_61.tif,0.288,214958.0056,6093055.684,0.07554689
f8_39_39.tif,0.482,214739.2345,6093065.629,0.246183902
f8_24_40.tif,0.042,214749.1786,6093214.791,0.051820904
f8_50_58.tif,0.326,214928.1732,6092956.243,0.226651818
f8_43_18.tif,0,214530.4075,6093025.852,0.025084823
f8_57_79.tif,0.06,215137.0002,6092886.634,0.076140165
f8_24_81.tif,0.323,215156.8884,6093214.791,0.339621127
f8_57_53.tif,0,214878.4525,6092886.634,0.028815746
f8_18_36.tif,0.702,214709.4021,6093274.456,0.559017658
f8_24_42.tif,0,214769.0669,6093214.791,0.109806657
f8_34_84.tif,0.092,215186.7209,6093115.349,0.1820755
f8_47_81.tif,0.126,215156.8884,6092986.075,0.027073324
f8_56_13.tif,0,214480.6868,6092896.578,0.078482747
f8_31_88.tif,0.493,215226.4974,6093145.182,0.349722564
f8_36_56.tif,0.118,214908.2849,6093095.461,0.07343173
f8_22_37.tif,0.104,214719.3462,6093234.679,0.292766392
f8_36_42.tif,0.333,214769.0669,6093095.461,0.32226944
f8_52_63.tif,0.411,214977.8939,6092936.355,0.383269161
f8_46_16.tif,0.012,214510.5193,6092996.02,0.142796546
f8_55_56.tif,0.678,214908.2849,6092906.522,0.445238739
f8_48_13.tif,0.052,214480.6868,6092976.131,0.02695179
f8_32_26.tif,0.481,214609.9607,6093135.238,0.374736816
f8_28_56.tif,0.468,214908.2849,6093175.014,0.640783668
f8_28_57.tif,0.209,214918.2291,6093175.014,0.157521725
f8_32_27.tif,0.053,214619.9048,6093135.238,0.049458712
f8_26_52.tif,0,214868.5083,6093194.902,0.070061922
f8_48_12.tif,0.406,214470.7427,6092976.131,0.059871793
f8_28_80.tif,0,215146.9443,6093175.014,0.013483137
f8_41_22.tif,0,214570.1841,6093045.74,0.029605299
f8_26_85.tif,0.373,215196.665,6093194.902,0.441944689
f8_31_76.tif,0.543,215107.1677,6093145.182,0.59975183
f8_22_36.tif,0.019,214709.4021,6093234.679,0.052600235
f8_22_22.tif,0,214570.1841,6093234.679,0.038043082
f8_36_57.tif,0,214918.2291,6093095.461,0.134971678
f8_51_33.tif,0.48,214679.5697,6092946.299,0.652604938
f8_19_63.tif,0,214977.8939,6093264.511,0.022978336
f8_33_73.tif,0.568,215077.3353,6093125.293,0.678122044
f8_27_12.tif,0.005,214470.7427,6093184.958,0.078815132
f8_33_67.tif,0.643,215017.6705,6093125.293,0.623481333
f8_12_81.tif,0.04,215156.8884,6093334.12,0.094408989
f8_15_77.tif,0.569,215117.1119,6093304.288,0.344534934
f8_49_52.tif,0.383,214868.5083,6092966.187,0.325193077
f8_57_52.tif,0,214868.5083,6092886.634,0.025906533
f8_44_12.tif,0,214470.7427,6093015.908,0.043563187
f8_16_69.tif,0.296,215037.5587,6093294.344,0.178515106
f8_18_44.tif,0.976,214788.9552,6093274.456,0.548914492
f8_43_68.tif,0.494,215027.6146,6093025.852,0.522100508
f8_30_86.tif,0.409,215206.6091,6093155.126,0.347823173
f8_18_87.tif,0.013,215216.5533,6093274.456,0.019686222
f8_30_79.tif,0,215137.0002,6093155.126,0.022175193
f8_30_51.tif,0.596,214858.5642,6093155.126,0.516609073
f8_16_82.tif,0.306,215166.8326,6093294.344,0.034482986
f8_47_24.tif,0,214590.0724,6092986.075,0.027124226
f8_20_83.tif,0.004,215176.7767,6093254.567,0.074550569
f8_54_70.tif,0.324,215047.5029,6092916.467,0.421066672
f8_53_79.tif,0,215137.0002,6092926.411,0.018654794
f8_53_86.tif,0.28,215206.6091,6092926.411,0.034732193
f8_34_35.tif,0.469,214699.4579,6093115.349,0.489418387
f8_27_49.tif,0,214838.6759,6093184.958,0.059109718
f8_42_28.tif,0.576,214629.849,6093035.796,0.702202976
f8_22_86.tif,0.237,215206.6091,6093234.679,0.517858446
f8_22_92.tif,0.094,215266.274,6093234.679,0.035432965
f8_17_29.tif,0.582,214639.7931,6093284.4,0.474835992
f8_25_70.tif,0.378,215047.5029,6093204.847,0.202818751
f8_36_30.tif,0.194,214649.7372,6093095.461,0.262042463
f8_55_30.tif,0.622,214649.7372,6092906.522,0.518992364
f8_52_39.tif,0.076,214739.2345,6092936.355,0.199009389
f8_48_75.tif,0,215097.2236,6092976.131,0.045317292
f8_46_58.tif,0,214928.1732,6092996.02,0.092147052
f8_13_59.tif,0,214938.1173,6093324.176,0.057467371
f8_14_44.tif,0.129,214788.9552,6093314.232,0.094969958
f8_48_49.tif,0,214838.6759,6092976.131,0.085892558
f8_55_18.tif,0,214530.4075,6092906.522,0.020117074
f8_41_92.tif,0.187,215266.274,6093045.74,0.65264535
f8_26_21.tif,0,214560.24,6093194.902,0.126775324
f8_35_48.tif,0.671,214828.7318,6093105.405,0.7251302
f8_32_41.tif,0.233,214759.1228,6093135.238,0.209427565
f8_28_31.tif,0,214659.6814,6093175.014,0.232121825
f8_32_69.tif,0.533,215037.5587,6093135.238,0.467600286
f8_48_48.tif,0,214828.7318,6092976.131,0.146745056
f8_14_79.tif,0.487,215137.0002,6093314.232,0.324092269
f8_41_50.tif,0,214848.6201,6093045.74,0.060362011
f8_13_70.tif,0,215047.5029,6093324.176,0.024394095
f8_55_25.tif,0,214600.0165,6092906.522,0.024706125
f8_36_25.tif,0,214600.0165,6093095.461,0.057993174
f8_31_38.tif,0,214729.2904,6093145.182,0.080121458
f8_38_34.tif,0.577,214689.5138,6093075.573,0.43241477
f8_25_71.tif,0.78,215057.447,6093204.847,0.801524401
f8_38_20.tif,0.212,214550.2958,6093075.573,0.528267264
f8_22_87.tif,0.691,215216.5533,6093234.679,0.711223722
f8_19_11.tif,0.31,214460.7985,6093264.511,0.630389154
f8_51_41.tif,0.136,214759.1228,6092946.299,0.059524924
f8_42_29.tif,0,214639.7931,6093035.796,0.072874546
f8_51_55.tif,0,214898.3408,6092946.299,0.024211973
f8_45_20.tif,0,214550.2958,6093005.964,0.103869736
f8_20_69.tif,0.693,215037.5587,6093254.567,0.576105297
f8_27_74.tif,0.357,215087.2795,6093184.958,0.607175708
f8_54_71.tif,0.191,215057.447,6092916.467,0.455952376
f8_47_19.tif,0,214540.3517,6092986.075,0.038334638
f8_54_65.tif,0.452,214997.7822,6092916.467,0.455322444
f8_40_38.tif,0,214729.2904,6093055.684,0.046239346
f8_39_74.tif,0.22,215087.2795,6093065.629,0.048380405
f8_24_25.tif,0,214600.0165,6093214.791,0.046240091
f8_37_71.tif,0.656,215057.447,6093085.517,0.562005103
f8_30_87.tif,0.046,215216.5533,6093155.126,0.165649503
f8_43_69.tif,0.112,215037.5587,6093025.852,0.244704276
f8_18_79.tif,0.752,215137.0002,6093274.456,0.720467389
f8_44_74.tif,0,215087.2795,6093015.908,0.020256996
f8_57_20.tif,0.124,214550.2958,6092886.634,0.509359837
f8_43_57.tif,0,214918.2291,6093025.852,0.152657002
f8_16_56.tif,0,214908.2849,6093294.344,0.031207889
f8_30_46.tif,0.636,214808.8435,6093155.126,0.698670506
f8_24_33.tif,0.001,214679.5697,6093214.791,0.018834531
f8_27_89.tif,0.595,215236.4416,6093184.958,0.693703055
f8_54_67.tif,0.634,215017.6705,6092916.467,0.459127218
f8_20_80.tif,0,215146.9443,6093254.567,0.015662909
f8_27_76.tif,0.651,215107.1677,6093184.958,0.621920109
f8_51_43.tif,0,214779.0111,6092946.299,0.025187939
f8_45_22.tif,0,214570.1841,6093005.964,0.090945691
f8_56_76.tif,0.081,215107.1677,6092896.578,0.037824869
f8_19_13.tif,0,214480.6868,6093264.511,0.038733095
f8_56_89.tif,0.749,215236.4416,6092896.578,0.634032667
f8_38_36.tif,0.162,214709.4021,6093075.573,0.555843532
f8_22_46.tif,0,214808.8435,6093234.679,0.031723261
f8_36_33.tif,0.544,214679.5697,6093095.461,0.692090571
f8_13_72.tif,0,215067.3912,6093324.176,0.023794532
f8_41_46.tif,0,214808.8435,6093045.74,0.052868605
f8_52_12.tif,0,214470.7427,6092936.355,0.08479777
f8_32_43.tif,0.91,214779.0111,6093135.238,0.538955212
f8_48_89.tif,0.096,215236.4416,6092976.131,0.058450252
f8_14_84.tif,0,215186.7209,6093314.232,0.021422803
f8_26_22.tif,0,214570.1841,6093194.902,0.063387036
f8_28_32.tif,0,214669.6255,6093175.014,0.049537718
f8_41_84.tif,0.481,215186.7209,6093045.74,0.622868776
f8_35_77.tif,0,215117.1119,6093105.405,0.016811669
f8_14_52.tif,0.062,214868.5083,6093314.232,0.225920588
f8_46_72.tif,0.049,215067.3912,6092996.02,0.018436342
f8_32_81.tif,0,215156.8884,6093135.238,0.015866846
f8_35_88.tif,0.02,215226.4974,6093105.405,0.047336638
f8_13_67.tif,0.094,215017.6705,6093324.176,0.030203432
f8_55_32.tif,0,214669.6255,6092906.522,0.127206892
f8_13_73.tif,0.437,215077.3353,6093324.176,0.254128158
f8_36_32.tif,0.609,214669.6255,6093095.461,0.687654376
f8_25_72.tif,0.489,215067.3912,6093204.847,0.302522004
f8_56_88.tif,0.417,215226.4974,6092896.578,0.329852015
f8_22_90.tif,0.012,215246.3857,6093234.679,0.045050323
f8_45_23.tif,0.145,214580.1282,6093005.964,0.057115257
f8_20_42.tif,0.395,214769.0669,6093254.567,0.29786551
f8_49_37.tif,0.432,214719.3462,6092966.187,0.528380752
f8_20_81.tif,0.369,215156.8884,6093254.567,0.494247377
f8_47_32.tif,0.239,214669.6255,6092986.075,0.274093807
f8_43_81.tif,0,215156.8884,6093025.852,0.017822534
f8_37_66.tif,0.052,215007.7263,6093085.517,0.047707349
f8_23_13.tif,0,214480.6868,6093224.735,0.021001577
f8_44_88.tif,0,215226.4974,6093015.908,0.015881002
f8_16_57.tif,0,214918.2291,6093294.344,0.040180773
f8_16_43.tif,0,214779.0111,6093294.344,0.374223351
f8_18_46.tif,0.176,214808.8435,6093274.456,0.544757187
f8_16_47.tif,0.137,214818.7876,6093294.344,0.057487547
f8_50_12.tif,0,214470.7427,6092956.243,0.042114198
f8_44_73.tif,0,215077.3353,6093015.908,0.021579415
f8_18_42.tif,0.061,214769.0669,6093274.456,0.083313406
f8_43_46.tif,0,214808.8435,6093025.852,0.340243518
f8_30_43.tif,0.211,214779.0111,6093155.126,0.14952907
f8_24_36.tif,0,214709.4021,6093214.791,0.153089732
f8_24_22.tif,0,214570.1841,6093214.791,0.020375133
f8_49_27.tif,0.667,214619.9048,6092966.187,0.779317319
f8_40_17.tif,0,214520.4634,6093055.684,0.020939261
f8_12_37.tif,0.46,214719.3462,6093334.12,0.369083047
f8_53_43.tif,0.293,214779.0111,6092926.411,0.088313341
f8_20_46.tif,0.048,214808.8435,6093254.567,0.038616806
f8_29_62.tif,0.134,214967.9498,6093165.07,0.053832591
f8_53_80.tif,0,215146.9443,6092926.411,0.018639296
f8_22_80.tif,0.195,215146.9443,6093234.679,0.056796134
f8_36_36.tif,0.064,214709.4021,6093095.461,0.13981989
f8_51_91.tif,0.029,215256.3299,6092946.299,0.033661723
f8_38_27.tif,0,214619.9048,6093075.573,0.059498131
f8_32_85.tif,0.125,215196.665,6093135.238,0.029486179
f8_14_56.tif,0,214908.2849,6093314.232,0.184937775
f8_41_57.tif,0,214918.2291,6093045.74,0.036185861
f8_35_73.tif,0.385,215077.3353,6093105.405,0.615196586
f8_41_80.tif,0.438,215146.9443,6093045.74,0.460444123
f8_28_36.tif,0.262,214709.4021,6093175.014,0.469108433
f8_35_67.tif,0.411,215017.6705,6093105.405,0.486294717
f8_32_47.tif,0.512,214818.7876,6093135.238,0.509221256
f8_13_89.tif,0,215236.4416,6093324.176,0.078658432
f8_14_57.tif,0,214918.2291,6093314.232,0.355356663
f8_31_16.tif,0.1,214510.5193,6093145.182,0.154147357
f8_22_56.tif,0,214908.2849,6093234.679,0.118472874
f8_45_32.tif,0.709,214669.6255,6093005.964,0.540135026
f8_27_66.tif,0.31,215007.7263,6093184.958,0.463207185
f8_33_13.tif,0,214480.6868,6093125.293,0.083467782
f8_53_81.tif,0.131,215156.8884,6092926.411,0.038437158
f8_20_53.tif,0.193,214878.4525,6093254.567,0.171194375
f8_34_26.tif,0.012,214609.9607,6093115.349,0.062454641
f8_53_56.tif,0.239,214908.2849,6092926.411,0.345757931
f8_47_23.tif,0,214580.1282,6092986.075,0.033293933
f8_29_88.tif,0.299,215226.4974,6093165.07,0.348064125
f8_40_16.tif,0,214510.5193,6093055.684,0.024894744
f8_54_77.tif,0.27,215117.1119,6092916.467,0.037159532
f8_43_90.tif,0,215246.3857,6093025.852,0.021714032
f8_37_77.tif,0,215117.1119,6093085.517,0.023269594
f8_24_23.tif,0,214580.1282,6093214.791,0.16643706
f8_43_53.tif,0.536,214878.4525,6093025.852,0.671677589
f8_16_52.tif,0.476,214868.5083,6093294.344,0.317558706
f8_44_72.tif,0.273,215067.3912,6093015.908,0.453378111
f8_44_66.tif,0.603,215007.7263,6093015.908,0.641566515
f8_16_46.tif,0.006,214808.8435,6093294.344,0.161587715
f8_16_50.tif,0.024,214848.6201,6093294.344,0.047183573
f8_30_83.tif,0.287,215176.7767,6093155.126,0.534607828
f8_18_41.tif,0.024,214759.1228,6093274.456,0.135336012
f8_30_54.tif,0,214888.3966,6093155.126,0.058867782
f8_23_28.tif,0.053,214629.849,6093224.735,0.039001346
f8_23_14.tif,0.003,214490.631,6093224.735,0.023082674
f8_40_14.tif,0,214490.631,6093055.684,0.068769604
f8_47_09.tif,0.502,214440.9103,6092986.075,0.655123293
f8_47_35.tif,0.109,214699.4579,6092986.075,0.166762263
f8_49_18.tif,0,214530.4075,6092966.187,0.250912845
f8_54_49.tif,0.245,214838.6759,6092916.467,0.193815529
f8_33_39.tif,0.12,214739.2345,6093125.293,0.035287321
f8_29_75.tif,0.797,215097.2236,6093165.07,0.46186015
f8_45_18.tif,0,214530.4075,6093005.964,0.041702896
f8_58_49.tif,0.001,214838.6759,6092876.69,0.091596097
f8_51_45.tif,0.275,214798.8994,6092946.299,0.077279419
f8_22_40.tif,0.445,214749.1786,6093234.679,0.619335949
f8_38_18.tif,0.203,214530.4075,6093075.573,0.377159357
f8_31_14.tif,0,214490.631,6093145.182,0.034053594
f8_51_86.tif,0.087,215206.6091,6092946.299,0.030156761
f8_41_40.tif,0.078,214749.1786,6093045.74,0.454488009
f8_41_54.tif,0.053,214888.3966,6093045.74,0.043161958
f8_32_51.tif,0.265,214858.5642,6093135.238,0.097125441
f8_21_39.tif,0.016,214739.2345,6093244.623,0.140441716
f8_28_35.tif,0,214699.4579,6093175.014,0.533962905
f8_41_83.tif,0.354,215176.7767,6093045.74,0.498885959
f8_28_34.tif,0,214689.5138,6093175.014,0.08351779
f8_55_20.tif,0.291,214550.2958,6092906.522,0.575141668
f8_13_75.tif,0.167,215097.2236,6093324.176,0.030860156
f8_46_74.tif,0,215087.2795,6092996.02,0.018431008
f8_48_59.tif,0.022,214938.1173,6092976.131,0.136540145
f8_45_31.tif,0.435,214659.6814,6093005.964,0.368222117
f8_56_59.tif,0.663,214938.1173,6092896.578,0.742334604
f8_56_71.tif,0,215057.447,6092896.578,0.093978196
f8_53_82.tif,0.036,215166.8326,6092926.411,0.04038316
f8_29_48.tif,0.457,214828.7318,6093165.07,0.210474789
f8_34_25.tif,0,214600.0165,6093115.349,0.049929798
f8_33_38.tif,0.023,214729.2904,6093125.293,0.062757462
f8_53_41.tif,0.412,214759.1228,6092926.411,0.072309077
f8_20_87.tif,0.011,215216.5533,6093254.567,0.024868876
f8_37_60.tif,0,214948.0615,6093085.517,0.044392794
f8_37_48.tif,0.35,214828.7318,6093085.517,0.164706826
f8_24_34.tif,0.621,214689.5138,6093214.791,0.649382174
f8_50_10.tif,0.074,214450.8544,6092956.243,0.045131415
f8_16_51.tif,0.674,214858.5642,6093294.344,0.689058185
f8_44_68.tif,0.189,215027.6146,6093015.908,0.445938617
f8_50_35.tif,0.729,214699.4579,6092956.243,0.723695636
f8_39_83.tif,0.062,215176.7767,6093065.629,0.074395508
f8_37_51.tif,0.27,214858.5642,6093085.517,0.15825212
f8_30_64.tif,0.701,214987.838,6093155.126,0.402134359
f8_15_25.tif,0.219,214600.0165,6093304.288,0.066777408
f8_27_83.tif,0.14,215176.7767,6093184.958,0.303490818
f8_15_31.tif,0.42,214659.6814,6093304.288,0.193435073
f8_40_30.tif,0.291,214649.7372,6093055.684,0.221192777
f8_54_86.tif,0.758,215206.6091,6092916.467,0.429840803
f8_19_31.tif,0.827,214659.6814,6093264.511,0.754122972
f8_31_24.tif,0.097,214590.0724,6093145.182,0.036885113
f8_36_39.tif,0.257,214739.2345,6093095.461,0.520159841
f8_25_45.tif,0,214798.8994,6093204.847,0.0343979
f8_31_30.tif,0,214649.7372,6093145.182,0.150797665
f8_56_83.tif,0.369,215176.7767,6092896.578,0.245386958
f8_14_59.tif,0.029,214938.1173,6093314.232,0.111694396
f8_14_71.tif,0.187,215057.447,6093314.232,0.119393378
f8_28_11.tif,0,214460.7985,6093175.014,0.025389075
f8_26_14.tif,0,214490.631,6093194.902,0.026440918
f8_32_61.tif,0.153,214958.0056,6093135.238,0.190041244
f8_21_34.tif,0.51,214689.5138,6093244.623,0.628565431
f8_41_65.tif,0.145,214997.7822,6093045.74,0.348228276
f8_55_10.tif,0,214450.8544,6092906.522,0.030531973
f8_52_19.tif,0,214540.3517,6092936.355,0.131930947
f8_31_19.tif,0.106,214540.3517,6093145.182,0.058538854
f8_22_65.tif,0.785,214997.7822,6093234.679,0.60009408
f8_36_10.tif,0,214450.8544,6093095.461,0.120714337
f8_45_29.tif,0,214639.7931,6093005.964,0.048798591
f8_17_35.tif,0.21,214699.4579,6093284.4,0.463462442
f8_51_60.tif,0.373,214948.0615,6092946.299,0.428083509
f8_58_44.tif,0.254,214788.9552,6092876.69,0.297498405
f8_34_15.tif,0,214500.5751,6093115.349,0.025707841
f8_34_29.tif,0.113,214639.7931,6093115.349,0.027437985
f8_27_55.tif,0.607,214898.3408,6093184.958,0.642176807
f8_54_50.tif,0.211,214848.6201,6092916.467,0.164282441
f8_23_25.tif,0,214600.0165,6093224.735,0.039266229
f8_23_31.tif,0,214659.6814,6093224.735,0.031475246
f8_16_75.tif,0.602,215097.2236,6093294.344,0.571853578
f8_43_60.tif,0.229,214948.0615,6093025.852,0.344178855
f8_44_43.tif,0,214779.0111,6093015.908,0.03155604
f8_39_80.tif,0.523,215146.9443,6093065.629,0.347073674
f8_37_52.tif,0.287,214868.5083,6093085.517,0.268552363
f8_37_46.tif,0,214808.8435,6093085.517,0.05965054
f8_24_12.tif,0,214470.7427,6093214.791,0.021171033
f8_15_26.tif,0.05,214609.9607,6093304.288,0.035747468
f8_29_85.tif,0.115,215196.665,6093165.07,0.039901465
f8_27_57.tif,0.21,214918.2291,6093184.958,0.432823658
f8_54_85.tif,0.008,215196.665,6092916.467,0.024601579
f8_17_23.tif,0,214580.1282,6093284.4,0.023105562
f8_51_76.tif,0,215107.1677,6092946.299,0.028352499
f8_19_26.tif,0,214609.9607,6093264.511,0.024325013
f8_56_43.tif,0.031,214779.0111,6092896.578,0.106355429
f8_31_33.tif,0,214679.5697,6093145.182,0.125009179
f8_38_17.tif,0.007,214520.4634,6093075.573,0.042065829
f8_58_91.tif,0.315,215256.3299,6092876.69,0.360645831
f8_25_52.tif,0,214868.5083,6093204.847,0.079361051
f8_56_94.tif,0.403,215286.1623,6092896.578,0.088756233
f8_32_89.tif,0,215236.4416,6093135.238,0.051769048
f8_14_72.tif,0.187,215067.3912,6093314.232,0.187476069
f8_35_57.tif,0,214918.2291,6093105.405,0.114670664
f8_28_12.tif,0.288,214470.7427,6093175.014,0.150479496
f8_26_17.tif,0.445,214520.4634,6093194.902,0.447278082
f8_46_90.tif,0.287,215246.3857,6092996.02,0.21979928
f8_32_63.tif,0.174,214977.8939,6093135.238,0.091168761
f8_21_37.tif,0.018,214719.3462,6093244.623,0.063687772
f8_13_91.tif,0,215256.3299,6093324.176,0.110056937
f8_46_53.tif,0.316,214878.4525,6092996.02,0.5980196
f8_41_66.tif,0.508,215007.7263,6093045.74,0.62937057
f8_13_46.tif,0.156,214808.8435,6093324.176,0.094828874
f8_13_52.tif,0,214868.5083,6093324.176,0.05158323
f8_41_72.tif,0.126,215067.3912,6093045.74,0.187292963
f8_36_13.tif,0,214480.6868,6093095.461,0.217970699
f8_56_95.tif,0.094,215296.1064,6092896.578,0.061455756
f8_31_26.tif,0.186,214609.9607,6093145.182,0.392308652
f8_58_90.tif,0.627,215246.3857,6092876.69,0.633664727
f8_19_27.tif,0.004,214619.9048,6093264.511,0.331727922
f8_58_47.tif,0.004,214818.7876,6092876.69,0.125971705
f8_34_16.tif,0.069,214510.5193,6093115.349,0.035252333
f8_27_56.tif,0.746,214908.2849,6093184.958,0.706601143
f8_29_84.tif,0,215186.7209,6093165.07,0.082173616
f8_15_33.tif,0.386,214679.5697,6093304.288,0.539566994
f8_47_13.tif,0.065,214480.6868,6092986.075,0.065871954
f8_39_56.tif,0,214908.2849,6093065.629,0.037607998
f8_39_42.tif,0,214769.0669,6093065.629,0.036527365
f8_37_47.tif,0.655,214818.7876,6093085.517,0.292824566
f8_44_56.tif,0.001,214908.2849,6093015.908,0.075046092
f8_16_62.tif,0,214967.9498,6093294.344,0.038555086
f8_37_84.tif,0.045,215186.7209,6093085.517,0.12303707
f8_44_46.tif,0,214808.8435,6093015.908,0.203032374
f8_16_66.tif,0.123,215007.7263,6093294.344,0.033147007
f8_30_89.tif,0.523,215236.4416,6093155.126,0.229118526
f8_57_12.tif,0.549,214470.7427,6092886.634,0.493439347
f8_44_91.tif,0.247,215256.3299,6093015.908,0.278147161
f8_39_52.tif,0,214868.5083,6093065.629,0.132753491
f8_30_76.tif,0.413,215107.1677,6093155.126,0.538626552
f8_23_22.tif,0.007,214570.1841,6093224.735,0.041302919
f8_23_36.tif,0.095,214709.4021,6093224.735,0.084553599
f8_54_57.tif,0.695,214918.2291,6092916.467,0.36923179
f8_27_91.tif,0,215256.3299,6093184.958,0.136259228
f8_20_73.tif,0.13,215077.3353,6093254.567,0.088701636
f8_53_89.tif,0.649,215236.4416,6092926.411,0.565184891
f8_42_27.tif,0.066,214619.9048,6093035.796,0.083062053
f8_19_37.tif,0.503,214719.3462,6093264.511,0.629869163
f8_56_91.tif,0.173,215256.3299,6092896.578,0.443042099
f8_56_85.tif,0.392,215196.665,6092896.578,0.303241879
f8_22_62.tif,0.318,214967.9498,6093234.679,0.260981917
f8_31_36.tif,0.367,214709.4021,6093145.182,0.29627496
f8_52_22.tif,0,214570.1841,6092936.355,0.143220216
f8_55_17.tif,0,214520.4634,6092906.522,0.023427665
f8_35_52.tif,0.013,214868.5083,6093105.405,0.087766856
f8_35_46.tif,0.611,214808.8435,6093105.405,0.773237467
f8_14_89.tif,0.011,215236.4416,6093314.232,0.030011922
f8_13_43.tif,0.547,214779.0111,6093324.176,0.160449952
f8_35_84.tif,0.097,215186.7209,6093105.405,0.064846963
f8_46_56.tif,0,214908.2849,6092996.02,0.092794061
f8_52_23.tif,0,214580.1282,6092936.355,0.022644013
f8_46_42.tif,0,214769.0669,6092996.02,0.075866938
f8_25_56.tif,0.464,214908.2849,6093204.847,0.417854071
f8_25_42.tif,0,214769.0669,6093204.847,0.135365009
f8_22_77.tif,0.393,215117.1119,6093234.679,0.380311012
f8_33_32.tif,0.158,214669.6255,6093125.293,0.039954394
f8_53_88.tif,0.412,215226.4974,6092926.411,0.54521513
f8_27_90.tif,0.173,215246.3857,6093184.958,0.378967732
f8_37_42.tif,0.011,214769.0669,6093085.517,0.204455286
f8_37_56.tif,0,214908.2849,6093085.517,0.099463165
f8_44_84.tif,0.02,215186.7209,6093015.908,0.021606117
f8_39_47.tif,0.509,214818.7876,6093065.629,0.481936455
f8_39_92.tif,0.284,215266.274,6093065.629,0.602544427
f8_16_71.tif,0.554,215057.447,6093294.344,0.089596361
f8_44_51.tif,0.471,214858.5642,6093015.908,0.581075549
f8_16_65.tif,0.022,214997.7822,6093294.344,0.025303096
f8_50_18.tif,0,214530.4075,6092956.243,0.133207589
f8_18_60.tif,0,214948.0615,6093274.456,0.020921499
f8_18_74.tif,0.677,215087.2795,6093274.456,0.721235216
f8_39_51.tif,0,214858.5642,6093065.629,0.035472631
f8_23_35.tif,0.5,214699.4579,6093224.735,0.429523647
f8_23_21.tif,0.629,214560.24,6093224.735,0.683041751
f8_37_54.tif,0,214888.3966,6093085.517,0.048306495
f8_40_35.tif,0.42,214699.4579,6093055.684,0.145346284
f8_40_21.tif,0.058,214560.24,6093055.684,0.033051163
f8_54_54.tif,0,214888.3966,6092916.467,0.046864748
f8_15_34.tif,0.898,214689.5138,6093304.288,0.720622122
f8_53_61.tif,0.722,214958.0056,6092926.411,0.508007884
f8_34_11.tif,0,214460.7985,6093115.349,0.021531522
f8_20_64.tif,0,214987.838,6093254.567,0.023125499
f8_29_54.tif,0.166,214888.3966,6093165.07,0.432353914
f8_33_30.tif,0,214649.7372,6093125.293,0.035746008
f8_19_34.tif,0.072,214689.5138,6093264.511,0.244546026
f8_45_11.tif,0,214460.7985,6093005.964,0.090488374
f8_41_49.tif,0.002,214838.6759,6093045.74,0.363439023
f8_46_40.tif,0.339,214749.1786,6092996.02,0.373493642
f8_14_60.tif,0.038,214948.0615,6093314.232,0.039236486
f8_48_45.tif,0.03,214798.8994,6092976.131,0.071064532
f8_14_48.tif,0.867,214828.7318,6093314.232,0.586253643
f8_35_86.tif,0,215206.6091,6093105.405,0.034972817
f8_55_14.tif,0,214490.631,6092906.522,0.233662367
f8_32_64.tif,0.599,214987.838,6093135.238,0.656708956
f8_48_86.tif,0.398,215206.6091,6092976.131,0.125477254
f8_26_39.tif,0.505,214739.2345,6093194.902,0.176119566
f8_35_51.tif,0.139,214858.5642,6093105.405,0.087490618
f8_35_44.tif,0.515,214788.9552,6093105.405,0.5311656
f8_13_83.tif,0.368,215176.7767,6093324.176,0.12716651
f8_55_15.tif,0,214500.5751,6092906.522,0.152139217
f8_46_41.tif,0,214759.1228,6092996.02,0.21464631
f8_14_75.tif,0.78,215097.2236,6093314.232,0.654628813
f8_22_48.tif,0.715,214828.7318,6093234.679,0.661723971
f8_25_55.tif,0.072,214898.3408,6093204.847,0.054236531
f8_25_69.tif,0.659,215037.5587,6093204.847,0.655597508
f8_42_19.tif,0,214540.3517,6093035.796,0.026520729
f8_56_50.tif,0.182,214848.6201,6092896.578,0.242011666
f8_42_25.tif,0,214600.0165,6093035.796,0.045806795
f8_17_18.tif,0.607,214530.4075,6093284.4,0.596613884
f8_33_31.tif,0,214659.6814,6093125.293,0.025946021
f8_27_44.tif,0.022,214788.9552,6093184.958,0.0598149
f8_27_50.tif,0,214848.6201,6093184.958,0.060324103
f8_33_19.tif,0.535,214540.3517,6093125.293,0.442178071
f8_27_93.tif,0.25,215276.2181,6093184.958,0.502994239
f8_53_74.tif,0.171,215087.2795,6092926.411,0.355008721
f8_47_29.tif,0,214639.7931,6092986.075,0.035456061
f8_54_55.tif,0.478,214898.3408,6092916.467,0.501541495
f8_37_55.tif,0.058,214898.3408,6093085.517,0.15895167
f8_16_58.tif,0,214928.1732,6093294.344,0.079086214
f8_43_65.tif,0.821,214997.7822,6093025.852,0.710510492
f8_18_61.tif,0,214958.0056,6093274.456,0.042265266
f8_37_82.tif,0.11,215166.8326,6093085.517,0.08268702
f8_50_19.tif,0,214540.3517,6092956.243,0.071706444
f8_50_25.tif,0.514,214600.0165,6092956.243,0.71432215
f8_50_56.tif,0,214908.2849,6092956.243,0.027539194
f8_30_13.tif,0.003,214480.6868,6093155.126,0.153621823
f8_39_37.tif,0,214719.3462,6093065.629,0.068511933
f8_15_46.tif,0,214808.8435,6093304.288,0.17671591
f8_54_26.tif,0,214609.9607,6092916.467,0.01694414
f8_38_88.tif,0.404,215226.4974,6093075.573,0.189434052
f8_38_63.tif,0.217,214977.8939,6093075.573,0.064653993
f8_17_80.tif,0.683,215146.9443,6093284.4,0.652976274
f8_36_72.tif,0.361,215067.3912,6093095.461,0.245916933
f8_48_23.tif,0,214580.1282,6092976.131,0.020920575
f8_46_26.tif,0.285,214609.9607,6092996.02,0.185029656
f8_21_56.tif,0.014,214908.2849,6093244.623,0.023718834
f8_35_23.tif,0,214580.1282,6093105.405,0.059595734
f8_52_91.tif,0.064,215256.3299,6092936.355,0.022510767
f8_41_12.tif,0.369,214470.7427,6093045.74,0.443621755
f8_48_22.tif,0,214570.1841,6092976.131,0.034859359
f8_38_62.tif,0.409,214967.9498,6093075.573,0.341050684
f8_19_47.tif,0.732,214818.7876,6093264.511,0.649733901
f8_45_76.tif,0,215107.1677,6093005.964,0.020171463
f8_17_56.tif,0.284,214908.2849,6093284.4,0.375389636
f8_29_27.tif,0.624,214619.9048,6093165.07,0.542374969
f8_15_90.tif,0.569,215246.3857,6093304.288,0.516538382
f8_33_80.tif,0,215146.9443,6093125.293,0.016335547
f8_15_47.tif,0.093,214818.7876,6093304.288,0.116655618
f8_34_89.tif,0.111,215236.4416,6093115.349,0.059232026
f8_39_22.tif,0.139,214570.1841,6093065.629,0.060545385
f8_39_36.tif,0,214709.4021,6093065.629,0.065496117
f8_44_22.tif,0,214570.1841,6093015.908,0.021144986
f8_50_57.tif,0.409,214918.2291,6092956.243,0.231568277
f8_57_62.tif,0.69,214967.9498,6092886.634,0.717222452
f8_23_91.tif,0.121,215256.3299,6093224.735,0.264794588
f8_50_69.tif,0.391,215037.5587,6092956.243,0.537969053
f8_57_74.tif,0,215087.2795,6092886.634,0.023631692
f8_18_39.tif,0.47,214739.2345,6093274.456,0.161574423
f8_50_82.tif,0,215166.8326,6092956.243,0.019772023
f8_49_48.tif,0,214828.7318,6092966.187,0.086544067
f8_15_45.tif,0,214798.8994,6093304.288,0.127756298
f8_47_59.tif,0,214938.1173,6092986.075,0.08403793
f8_27_20.tif,0.023,214550.2958,6093184.958,0.034560114
f8_34_60.tif,0,214948.0615,6093115.349,0.040104806
f8_17_54.tif,0.034,214888.3966,6093284.4,0.051294744
f8_42_41.tif,0.406,214759.1228,6093035.796,0.452206373
f8_36_59.tif,0,214938.1173,6093095.461,0.048910141
f8_25_25.tif,0.027,214600.0165,6093204.847,0.042479485
f8_38_60.tif,0.136,214948.0615,6093075.573,0.061686903
f8_22_38.tif,0.005,214729.2904,6093234.679,0.024902672
f8_25_19.tif,0.148,214540.3517,6093204.847,0.342993766
f8_31_78.tif,0.08,215127.056,6093145.182,0.03092128
f8_46_19.tif,0.42,214540.3517,6092996.02,0.125677496
f8_14_39.tif,0.191,214739.2345,6093314.232,0.207978755
f8_55_65.tif,0.575,214997.7822,6092906.522,0.470802724
f8_48_20.tif,0,214550.2958,6092976.131,0.028615475
f8_32_29.tif,0.126,214639.7931,6093135.238,0.142171025
f8_28_71.tif,0.313,215057.447,6093175.014,0.163431853
f8_26_60.tif,0.025,214948.0615,6093194.902,0.04616344
f8_52_87.tif,0.737,215216.5533,6092936.355,0.604625702
f8_21_69.tif,0.594,215037.5587,6093244.623,0.471685469
f8_28_70.tif,0.672,215047.5029,6093175.014,0.729220033
f8_35_21.tif,0.014,214560.24,6093105.405,0.122419715
f8_35_35.tif,0.256,214699.4579,6093105.405,0.529199123
f8_26_49.tif,0,214838.6759,6093194.902,0.018614709
f8_55_70.tif,0.622,215047.5029,6092906.522,0.710686743
f8_46_18.tif,0,214530.4075,6092996.02,0.157708138
f8_38_61.tif,0.218,214958.0056,6093075.573,0.068416834
f8_56_35.tif,0.479,214699.4579,6092896.578,0.365840673
f8_20_14.tif,0.018,214490.631,6093254.567,0.020269513
f8_33_40.tif,0.114,214749.1786,6093125.293,0.225809962
f8_47_58.tif,0,214928.1732,6092986.075,0.030163467
f8_50_83.tif,0.146,215176.7767,6092956.243,0.019241631
f8_23_45.tif,0.075,214798.8994,6093224.735,0.033012629
f8_43_28.tif,0,214629.849,6093025.852,0.04787305
f8_57_75.tif,0.397,215097.2236,6092886.634,0.398008555
f8_23_86.tif,0.554,215206.6091,6093224.735,0.588901699
f8_50_50.tif,0.561,214848.6201,6092956.243,0.603763163
f8_44_25.tif,0.021,214600.0165,6093015.908,0.045256466
f8_43_38.tif,0.079,214729.2904,6093025.852,0.115533561
f8_50_44.tif,0.016,214788.9552,6092956.243,0.047088891
f8_16_39.tif,0.003,214739.2345,6093294.344,0.113111347
f8_30_15.tif,0.625,214500.5751,6093155.126,0.674352646
f8_23_55.tif,0.224,214898.3408,6093224.735,0.035946339
f8_40_55.tif,0,214898.3408,6093055.684,0.315366268
f8_54_20.tif,0,214550.2958,6092916.467,0.121299326
f8_49_71.tif,0.151,215057.447,6092966.187,0.039994836
f8_47_74.tif,0,215087.2795,6092986.075,0.013080716
f8_47_60.tif,0.095,214948.0615,6092986.075,0.058224678
f8_27_19.tif,0.649,214540.3517,6093184.958,0.719517112
f8_56_31.tif,0.198,214659.6814,6092896.578,0.242349923
f8_45_59.tif,0,214938.1173,6093005.964,0.044689566
f8_42_78.tif,0.045,215127.056,6093035.796,0.033372402
f8_45_71.tif,0.345,215057.447,6093005.964,0.369903326
f8_38_59.tif,0.061,214938.1173,6093075.573,0.091868967
f8_46_20.tif,0,214550.2958,6092996.02,0.020341843
f8_48_25.tif,0.08,214600.0165,6092976.131,0.036722481
f8_28_60.tif,0,214948.0615,6093175.014,0.043627501
f8_21_44.tif,0.435,214788.9552,6093244.623,0.217511564
f8_28_75.tif,0.456,215097.2236,6093175.014,0.497845471
f8_32_39.tif,0,214739.2345,6093135.238,0.082359761
f8_26_70.tif,0.515,215047.5029,6093194.902,0.645773292
f8_21_79.tif,0.475,215137.0002,6093244.623,0.413943708
f8_21_92.tif,0.124,215266.274,6093244.623,0.109236956
f8_52_68.tif,0.116,215027.6146,6092936.355,0.120235592
f8_48_30.tif,0.297,214649.7372,6092976.131,0.45524016
f8_55_49.tif,0.07,214838.6759,6092906.522,0.039174974
f8_38_70.tif,0.161,215047.5029,6093075.573,0.117495716
f8_36_75.tif,0.113,215097.2236,6093095.461,0.056980103
f8_45_64.tif,0.373,214987.838,6093005.964,0.570138037
f8_56_30.tif,0.267,214649.7372,6092896.578,0.157063097
f8_19_41.tif,0.35,214759.1228,6093264.511,0.592762709
f8_12_48.tif,0.385,214828.7318,6093334.12,0.3127473
f8_53_14.tif,0,214490.631,6092926.411,0.096328199
f8_47_61.tif,0.44,214958.0056,6092986.075,0.59152174
f8_47_75.tif,0,215097.2236,6092986.075,0.019860387
f8_49_70.tif,0.323,215047.5029,6092966.187,0.518877745
f8_50_92.tif,0,215266.274,6092956.243,0.040449113
f8_44_32.tif,0.699,214669.6255,6093015.908,0.772008598
f8_50_47.tif,0.106,214818.7876,6092956.243,0.198077708
f8_43_13.tif,0.133,214480.6868,6093025.852,0.073260337
f8_24_88.tif,0.493,215226.4974,6093214.791,0.487028509
f8_18_17.tif,0.338,214520.4634,6093274.456,0.289106637
f8_50_84.tif,0.575,215186.7209,6092956.243,0.172338754
f8_39_32.tif,0.739,214669.6255,6093065.629,0.735031068
f8_37_23.tif,0.005,214580.1282,6093085.517,0.049270719
f8_49_72.tif,0,215067.3912,6092966.187,0.022101581
f8_54_37.tif,0,214719.3462,6092916.467,0.035246372
f8_47_63.tif,0.012,214977.8939,6092986.075,0.037992984
f8_12_89.tif,0,215236.4416,6093334.12,0.033223629
f8_19_43.tif,0.326,214779.0111,6093264.511,0.381355882
f8_56_32.tif,0,214669.6255,6092896.578,0.116757482
f8_17_46.tif,0.245,214808.8435,6093284.4,0.157738596
f8_45_72.tif,0.289,215067.3912,6093005.964,0.103013545
f8_17_85.tif,0.423,215196.665,6093284.4,0.298792005
f8_31_56.tif,0.097,214908.2849,6093145.182,0.087888241
f8_25_23.tif,0,214580.1282,6093204.847,0.044851929
f8_21_90.tif,0.012,215246.3857,6093244.623,0.097570717
f8_41_16.tif,0,214510.5193,6093045.74,0.018775493
f8_52_81.tif,0.277,215156.8884,6092936.355,0.05240047
f8_35_26.tif,0.042,214609.9607,6093105.405,0.040658236
f8_52_94.tif,0.146,215286.1623,6092936.355,0.172138423
f8_26_67.tif,0.429,215017.6705,6093194.902,0.488611877
f8_48_33.tif,0.758,214679.5697,6092976.131,0.648738563
f8_28_89.tif,0.204,215236.4416,6093175.014,0.500257373
f8_36_62.tif,0,214967.9498,6093095.461,0.065942109
f8_42_85.tif,0.052,215196.665,6093035.796,0.146856636
f8_45_73.tif,0,215077.3353,6093005.964,0.016576499
f8_17_53.tif,0.506,214878.4525,6093284.4,0.213418365
f8_31_80.tif,0,215146.9443,6093145.182,0.028497159
f8_47_89.tif,0,215236.4416,6092986.075,0.028164655
f8_34_67.tif,0.797,215017.6705,6093115.349,0.8136096
f8_34_73.tif,0.173,215077.3353,6093115.349,0.507484794
f8_53_17.tif,0.286,214520.4634,6092926.411,0.077754617
f8_47_62.tif,0.177,214967.9498,6092986.075,0.405573934
f8_40_57.tif,0,214918.2291,6093055.684,0.059146017
f8_30_17.tif,0.214,214520.4634,6093155.126,0.617583275
f8_43_12.tif,0,214470.7427,6093025.852,0.044865578
f8_44_33.tif,0.445,214679.5697,6093015.908,0.750085413